상영내역,,,,,,,,,,
상영일자,상영관,1회,2회,3회,4회,5회,6회,7회,8회,9회
2015-03-01,01관,"09:40, 그레이의 50가지 그림자(디지털), 9,000원","12:15, 그레이의 50가지 그림자(디지털), 10,000원","14:50, 그레이의 50가지 그림자(디지털), 10,000원","17:25, 그레이의 50가지 그림자(디지털), 10,000원","20:00, 그레이의 50가지 그림자(디지털), 10,000원","22:40, 그레이의 50가지 그림자(디지털), 10,000원","25:15, 그레이의 50가지 그림자(디지털), 9,000원",,
2015-03-01,02관,"08:40, 조선명탐정 : 사라진 놉의 딸(디지털), 6,000원","11:15, 조선명탐정 : 사라진 놉의 딸(디지털), 10,000원","13:50, 센과 치히로의 행방불명(디지털), 10,000원","16:25, 조선명탐정 : 사라진 놉의 딸(디지털), 10,000원","19:05, 조선명탐정 : 사라진 놉의 딸(디지털), 10,000원","21:40, 기생수 파트1(디지털), 10,000원","24:05, 나이트 크롤러(디지털), 9,000원",,
2015-03-01,03관,"09:10, 킹스맨 : 시크릿 에이전트(디지털), 9,000원","11:50, 킹스맨 : 시크릿 에이전트(디지털), 10,000원","14:30, 킹스맨 : 시크릿 에이전트(디지털), 10,000원","17:10, 킹스맨 : 시크릿 에이전트(디지털), 10,000원","19:50, 킹스맨 : 시크릿 에이전트(디지털), 10,000원","22:25, 킹스맨 : 시크릿 에이전트(디지털), 10,000원","25:05, 킹스맨 : 시크릿 에이전트(디지털), 9,000원",,
2015-03-01,04관,"08:50, 포커스(디지털), 6,000원","11:05, 나이트 크롤러(디지털), 10,000원","13:40, 빅 히어로(디지털), 10,000원","16:00, 그레이의 50가지 그림자(디지털), 10,000원","18:40, 그레이의 50가지 그림자(디지털), 10,000원","21:30, 나이트 크롤러(디지털), 10,000원","24:15, 포커스(디지털), 9,000원",,
2015-03-01,05관 [CGV아트하우스],"08:20, 개를 훔치는 완벽한 방법(디지털), 6,000원","10:40, 사랑에 대한 모든 것(디지털), 10,000원","13:20, 제네시스: 세상의 소금(디지털), 10,000원","15:40, 위플래쉬(디지털), 10,000원","17:55, 조류인간(디지털), 10,000원","20:15, 이다(디지털), 10,000원","22:05, 개를 훔치는 완벽한 방법(디지털), 10,000원","24:25, 개를 훔치는 완벽한 방법(디지털), 9,000원",
2015-03-01,06관,"08:00, 이미테이션 게임(디지털), 6,000원","10:25, 이미테이션 게임(디지털), 10,000원","12:50, 이미테이션 게임(디지털), 10,000원","15:15, 이미테이션 게임(디지털), 10,000원","17:40, 이미테이션 게임(디지털), 10,000원","20:05, 이미테이션 게임(디지털), 10,000원","22:30, 이미테이션 게임(디지털), 10,000원","24:55, 이미테이션 게임(디지털), 9,000원",
2015-03-01,07관,"08:30, 백 투 더 비기닝(디지털), 6,000원","10:50, 빅 히어로(디지털), 10,000원","13:10, 킹스맨 : 시크릿 에이전트(디지털), 10,000원","15:50, 킹스맨 : 시크릿 에이전트(디지털), 10,000원","18:30, 킹스맨 : 시크릿 에이전트(디지털), 10,000원","21:10, 킹스맨 : 시크릿 에이전트(디지털), 10,000원","23:45, 킹스맨 : 시크릿 에이전트(디지털), 9,000원",,
2015-03-01,08관,"09:00, 센과 치히로의 행방불명(디지털), 6,000원","11:40, 기생수 파트1(디지털), 10,000원","14:05, 이미테이션 게임(디지털), 10,000원","16:30, 이미테이션 게임(디지털), 10,000원","18:55, 이미테이션 게임(디지털), 10,000원","21:20, 이미테이션 게임(디지털), 10,000원","23:55, 백 투 더 비기닝(디지털), 9,000원",,
2015-03-02,01관,"09:20, 이미테이션 게임(디지털), 6,000원","11:45, 이미테이션 게임(디지털), 8,000원","14:10, 이미테이션 게임(디지털), 8,000원","16:35, 이미테이션 게임(디지털), 9,000원","19:10, 이미테이션 게임(디지털), 9,000원","21:35, 이미테이션 게임(디지털), 9,000원","24:00, 이미테이션 게임(디지털), 8,000원",,
2015-03-02,02관,"09:40, 조선명탐정 : 사라진 놉의 딸(디지털), 6,000원","12:15, 포커스(디지털), 7,000원","14:30, 조선명탐정 : 사라진 놉의 딸(디지털), 8,500원","17:10, 기생수 파트1(디지털), 9,000원","19:30, 조선명탐정 : 사라진 놉의 딸(디지털), 9,000원","22:05, 기생수 파트1(디지털), 9,000원","24:25, 기생수 파트1(디지털), 8,000원",,
2015-03-02,03관,"09:00, 킹스맨 : 시크릿 에이전트(디지털), 6,000원","11:40, 킹스맨 : 시크릿 에이전트(디지털), 9,000원","14:20, 킹스맨 : 시크릿 에이전트(디지털), 8,000원","17:00, 킹스맨 : 시크릿 에이전트(디지털), 9,000원","19:40, 킹스맨 : 시크릿 에이전트(디지털), 9,000원","22:20, 킹스맨 : 시크릿 에이전트(디지털), 9,000원","25:00, 킹스맨 : 시크릿 에이전트(디지털), 8,000원",,
2015-03-02,04관,"08:40, 나이트 크롤러(디지털), 6,000원","11:10, 백 투 더 비기닝(디지털), 8,000원","13:30, 센과 치히로의 행방불명(디지털), 8,000원","16:05, 나이트 크롤러(디지털), 9,000원","18:35, 센과 치히로의 행방불명(디지털), 9,000원","21:10, 나이트 크롤러(디지털), 9,000원",,,
2015-03-02,05관 [CGV아트하우스],"09:10, 개를 훔치는 완벽한 방법(디지털), 6,000원","11:30, 조류인간(디지털), 8,000원","13:50, 개를 훔치는 완벽한 방법(디지털), 8,000원","16:15, 이다(디지털), 9,000원","18:05, 제네시스: 세상의 소금(디지털), 9,000원","20:25, 그랜드 부다페스트 호텔(디지털), 9,000원","22:35, 이미테이션 게임(디지털), 9,000원",,
2015-03-02,06관,"08:50, 그레이의 50가지 그림자(디지털), 9,000원","11:25, 그레이의 50가지 그림자(디지털), 8,000원","14:00, 그레이의 50가지 그림자(디지털), 8,000원","16:45, 그레이의 50가지 그림자(디지털), 9,000원","19:20, 그레이의 50가지 그림자(디지털), 9,000원","21:55, 그레이의 50가지 그림자(디지털), 9,000원","24:35, 그레이의 50가지 그림자(디지털), 8,000원",,
2015-03-02,07관,,"10:35, 기생수 파트1(디지털), 7,000원","13:00, 킹스맨 : 시크릿 에이전트(디지털), 8,000원","15:40, 킹스맨 : 시크릿 에이전트(디지털), 9,000원","18:20, 킹스맨 : 시크릿 에이전트(디지털), 9,000원","21:00, 킹스맨 : 시크릿 에이전트(디지털), 9,000원","23:35, 킹스맨 : 시크릿 에이전트(디지털), 8,000원",,
2015-03-02,08관,,"10:45, 센과 치히로의 행방불명(디지털), 8,000원","13:20, 빅 히어로(디지털), 8,000원","15:35, 빅 히어로(디지털), 8,000원","17:50, 이미테이션 게임(디지털), 9,000원","20:15, 이미테이션 게임(디지털), 9,000원","22:45, 조선명탐정 : 사라진 놉의 딸(디지털), 9,000원","25:20, 이미테이션 게임(디지털), 8,000원",
2015-03-03,01관,"09:20, 이미테이션 게임(디지털), 6,000원","11:45, 이미테이션 게임(디지털), 8,000원","14:10, 이미테이션 게임(디지털), 9,000원","16:35, 이미테이션 게임(디지털), 9,000원","19:10, 이미테이션 게임(디지털), 9,000원","21:35, 이미테이션 게임(디지털), 9,000원","24:05, 이미테이션 게임(디지털), 9,000원",,
2015-03-03,02관,"09:40, 조선명탐정 : 사라진 놉의 딸(디지털), 6,000원","12:15, 포커스(디지털), 8,000원","14:30, 조선명탐정 : 사라진 놉의 딸(디지털), 8,000원","17:10, 기생수 파트1(디지털), 9,000원","19:30, 조선명탐정 : 사라진 놉의 딸(디지털), 9,000원","22:05, 기생수 파트1(디지털), 9,000원","24:25, 기생수 파트1(디지털), 8,000원",,
2015-03-03,03관,"09:00, 킹스맨 : 시크릿 에이전트(디지털), 6,000원","11:40, 킹스맨 : 시크릿 에이전트(디지털), 9,000원","14:20, 킹스맨 : 시크릿 에이전트(디지털), 8,000원","17:00, 킹스맨 : 시크릿 에이전트(디지털), 9,000원","19:40, 킹스맨 : 시크릿 에이전트(디지털), 9,000원","22:20, 킹스맨 : 시크릿 에이전트(디지털), 9,000원","25:00, 킹스맨 : 시크릿 에이전트(디지털), 8,000원",,
2015-03-03,04관,"09:00, 나이트 크롤러(디지털), 6,000원","11:30, 백 투 더 비기닝(디지털), 8,000원","13:50, 센과 치히로의 행방불명(디지털), 8,000원","16:25, 나이트 크롤러(디지털), 9,000원","18:50, 센과 치히로의 행방불명(디지털), 9,000원","21:25, 나이트 크롤러(디지털), 9,000원","23:55, 백 투 더 비기닝(디지털), 4,000원",,
2015-03-03,05관 [CGV아트하우스],,"11:00, 조류인간(디지털), 8,000원","13:30, 개를 훔치는 완벽한 방법(디지털), 8,000원","15:50, 이다(디지털), 8,000원","17:40, 제네시스: 세상의 소금(디지털), 8,000원","20:00, 폭스캐처(디지털), 7,000원","22:50, 이미테이션 게임(디지털), 9,000원","25:15, 이미테이션 게임(디지털), 8,000원",
2015-03-03,06관,"08:50, 그레이의 50가지 그림자(디지털), 6,000원","11:25, 그레이의 50가지 그림자(디지털), 8,000원","14:00, 그레이의 50가지 그림자(디지털), 8,000원","16:45, 그레이의 50가지 그림자(디지털), 9,000원","19:20, 그레이의 50가지 그림자(디지털), 9,000원","21:55, 그레이의 50가지 그림자(디지털), 9,000원","24:35, 그레이의 50가지 그림자(디지털), 8,000원",,
2015-03-03,07관,,"10:35, 기생수 파트1(디지털), 8,000원","13:00, 킹스맨 : 시크릿 에이전트(디지털), 8,000원","15:40, 킹스맨 : 시크릿 에이전트(디지털), 8,000원","18:20, 킹스맨 : 시크릿 에이전트(디지털), 9,000원","21:00, 킹스맨 : 시크릿 에이전트(디지털), 9,000원","23:35, 킹스맨 : 시크릿 에이전트(디지털), 9,000원",,
2015-03-03,08관,,"10:45, 센과 치히로의 행방불명(디지털), 8,000원","13:20, 빅 히어로(디지털), 8,000원","15:35, 빅 히어로(디지털), 8,000원","17:50, 이미테이션 게임(디지털), 9,000원","20:15, 이미테이션 게임(디지털), 9,000원","22:40, 조선명탐정 : 사라진 놉의 딸(디지털), 9,000원","25:20, 포커스(디지털), 8,000원",
2015-03-04,01관,"09:20, 이미테이션 게임(디지털), 6,000원","11:45, 이미테이션 게임(디지털), 8,000원","14:10, 이미테이션 게임(디지털), 9,000원","16:35, 이미테이션 게임(디지털), 9,000원","19:10, 이미테이션 게임(디지털), 9,000원","21:35, 이미테이션 게임(디지털), 9,000원","24:10, 이미테이션 게임(디지털), 8,000원",,
2015-03-04,02관,"09:30, 조선명탐정 : 사라진 놉의 딸(디지털), 6,000원","12:05, 포커스(디지털), 8,000원","14:20, 조선명탐정 : 사라진 놉의 딸(디지털), 8,000원","17:00, 기생수 파트1(디지털), 9,000원","19:30, 조선명탐정 : 사라진 놉의 딸(디지털), 9,000원","22:10, 조선명탐정 : 사라진 놉의 딸(디지털), 9,000원","24:45, 기생수 파트1(디지털), 8,000원",,
2015-03-04,03관,"09:00, 킹스맨 : 시크릿 에이전트(디지털), 6,000원","11:40, 킹스맨 : 시크릿 에이전트(디지털), 8,000원","14:30, 킹스맨 : 시크릿 에이전트(디지털), 9,000원","17:10, 킹스맨 : 시크릿 에이전트(디지털), 9,000원","19:50, 킹스맨 : 시크릿 에이전트(디지털), 9,000원","22:30, 킹스맨 : 시크릿 에이전트(디지털), 9,000원","25:05, 킹스맨 : 시크릿 에이전트(디지털), 9,000원",,
2015-03-04,04관,"08:20, 백 투 더 비기닝(디지털), 6,000원","10:35, 나이트 크롤러(디지털), 8,000원","13:00, 센과 치히로의 행방불명(디지털), 9,000원","15:35, 나이트 크롤러(디지털), 9,000원","18:00, 킹스맨 : 시크릿 에이전트(디지털), 9,000원","21:20, 센과 치히로의 행방불명(디지털), 9,000원","23:55, 나이트 크롤러(디지털), 8,000원",,
2015-03-04,05관 [CGV아트하우스],"09:50, 개를 훔치는 완벽한 방법(디지털), 6,000원","12:20, 조류인간(디지털), 8,000원","14:40, 제네시스: 세상의 소금(디지털), 8,000원","17:20, 아메리칸 스나이퍼(디지털), 9,000원","20:00, 이다(디지털), 7,000원","21:50, 보이후드(디지털), 9,000원","25:20, 이미테이션 게임(디지털), 8,000원",,
2015-03-04,06관,"08:50, 그레이의 50가지 그림자(디지털), 6,000원","11:25, 그레이의 50가지 그림자(디지털), 8,000원","14:00, 그레이의 50가지 그림자(디지털), 8,000원","16:45, 그레이의 50가지 그림자(디지털), 9,000원","19:20, 그레이의 50가지 그림자(디지털), 9,000원","22:00, 그레이의 50가지 그림자(디지털), 9,000원","24:35, 그레이의 50가지 그림자(디지털), 8,000원",,
2015-03-04,07관,"08:40, 빅 히어로(디지털), 6,000원","10:55, 기생수 파트1(디지털), 8,000원","13:15, 킹스맨 : 시크릿 에이전트(디지털), 9,000원","15:50, 킹스맨 : 시크릿 에이전트(디지털), 9,000원","18:30, 킹스맨 : 시크릿 에이전트(디지털), 9,000원","21:10, 킹스맨 : 시크릿 에이전트(디지털), 9,000원","23:45, 킹스맨 : 시크릿 에이전트(디지털), 8,000원",,
2015-03-04,08관,"08:30, 포커스(디지털), 6,000원","10:45, 센과 치히로의 행방불명(디지털), 8,000원","13:20, 빅 히어로(디지털), 8,000원","15:40, 빅 히어로(디지털), 8,000원","17:55, 이미테이션 게임(디지털), 9,000원","20:20, 이미테이션 게임(디지털), 9,000원","22:45, 이미테이션 게임(디지털), 9,000원",,
2015-03-05,01관,"08:20, 이미테이션 게임(디지털), 6,000원","10:45, 이미테이션 게임(디지털), 8,000원","13:10, 이미테이션 게임(디지털), 8,000원","15:35, 이미테이션 게임(디지털), 8,000원","18:00, 이미테이션 게임(디지털), 9,000원","20:25, 이미테이션 게임(디지털), 9,000원",,"25:20, 이미테이션 게임(디지털), 6,000원",
2015-03-05,02관,"08:20, 헬머니(디지털), 6,000원","10:35, 헬머니(디지털), 8,000원","12:50, 헬머니(디지털), 8,000원","15:05, 헬머니(디지털), 8,000원","17:20, 헬머니(디지털), 9,000원","19:40, 헬머니(디지털), 9,000원","22:05, 헬머니(디지털), 9,000원","24:30, 헬머니(디지털), 8,000원",
2015-03-05,03관,"09:00, 킹스맨 : 시크릿 에이전트(디지털), 7,000원","11:35, 킹스맨 : 시크릿 에이전트(디지털), 8,000원","14:20, 킹스맨 : 시크릿 에이전트(디지털), 9,000원","17:00, 킹스맨 : 시크릿 에이전트(디지털), 9,000원","19:50, 킹스맨 : 시크릿 에이전트(디지털), 9,000원","22:30, 킹스맨 : 시크릿 에이전트(디지털), 9,000원","25:05, 킹스맨 : 시크릿 에이전트(디지털), 8,000원",,
2015-03-05,04관,"08:30, 조선명탐정 : 사라진 놉의 딸(디지털), 6,000원","11:10, 빅 히어로(디지털), 8,000원","13:25, 센과 치히로의 행방불명(디지털), 8,000원","16:00, 조선명탐정 : 사라진 놉의 딸(디지털), 9,000원","18:35, 킹스맨 : 시크릿 에이전트(디지털), 9,000원","21:10, 킹스맨 : 시크릿 에이전트(디지털), 9,000원","23:45, 기생수 파트1(디지털), 8,000원",,
2015-03-05,05관 [CGV아트하우스],"08:40, 이다(디지털), 6,000원","10:30, 버드맨(디지털), 9,000원","13:00, 제네시스: 세상의 소금(디지털), 7,000원","15:20, 버드맨(디지털), 9,000원","17:50, 조류인간(디지털), 8,000원","20:10, 버드맨(디지털), 9,000원","22:40, 이다(디지털), 9,000원","24:40, 와일드(디지털), 8,000원",
2015-03-05,06관,"08:50, 세인트 빈센트(디지털), 7,000원","11:00, 그레이의 50가지 그림자(디지털), 9,000원","13:35, 세인트 빈센트(디지털), 8,000원","15:45, 그레이의 50가지 그림자(디지털), 9,000원","18:20, 세인트 빈센트(디지털), 9,000원","20:30, 그레이의 50가지 그림자(디지털), 9,000원","23:05, 세인트 빈센트(디지털), 8,000원","25:15, 그레이의 50가지 그림자(디지털), 8,000원",
2015-03-05,07관,"09:10, 버드맨(디지털), 6,000원","11:40, 버드맨(디지털), 8,000원","14:10, 버드맨(디지털), 8,000원","16:40, 버드맨(디지털), 9,000원","19:10, 버드맨(디지털), 9,000원","21:40, 버드맨(디지털), 9,000원","24:10, 버드맨(디지털), 8,000원",,
2015-03-05,08관,"09:50, 순수의 시대(디지털), 6,500원","12:15, 순수의 시대(디지털), 8,000원","14:40, 순수의 시대(디지털), 8,000원","17:10, 순수의 시대(디지털), 9,000원","19:30, 순수의 시대(디지털), 9,000원","21:55, 순수의 시대(디지털), 9,000원","24:20, 순수의 시대(디지털), 8,000원",,
2015-03-06,01관,"09:20, 이미테이션 게임(디지털), 6,000원","11:45, 이미테이션 게임(디지털), 10,000원","14:10, 이미테이션 게임(디지털), 10,000원","16:35, 이미테이션 게임(디지털), 10,000원","19:10, 이미테이션 게임(디지털), 10,000원","21:35, 이미테이션 게임(디지털), 10,000원","24:00, 이미테이션 게임(디지털), 9,000원",,
2015-03-06,02관,"08:30, 헬머니(디지털), 6,000원","10:45, 헬머니(디지털), 10,000원","13:00, 헬머니(디지털), 10,000원","15:15, 헬머니(디지털), 10,000원","17:30, 헬머니(디지털), 10,000원","19:50, 헬머니(디지털), 10,000원","22:15, 헬머니(디지털), 10,000원","24:30, 헬머니(디지털), 9,000원",
2015-03-06,03관,"09:00, 킹스맨 : 시크릿 에이전트(디지털), 6,000원","11:40, 킹스맨 : 시크릿 에이전트(디지털), 10,000원","14:20, 킹스맨 : 시크릿 에이전트(디지털), 10,000원","16:55, 킹스맨 : 시크릿 에이전트(디지털), 10,000원","19:30, 킹스맨 : 시크릿 에이전트(디지털), 10,000원","22:05, 킹스맨 : 시크릿 에이전트(디지털), 10,000원","24:40, 킹스맨 : 시크릿 에이전트(디지털), 9,000원",,
2015-03-06,04관,"08:20, 빅 히어로(디지털), 6,000원","10:35, 조선명탐정 : 사라진 놉의 딸(디지털), 10,000원","13:10, 센과 치히로의 행방불명(디지털), 10,000원","15:45, 조선명탐정 : 사라진 놉의 딸(디지털), 10,000원","18:20, 킹스맨 : 시크릿 에이전트(디지털), 10,000원","21:00, 킹스맨 : 시크릿 에이전트(디지털), 10,000원","23:35, 세인트 빈센트(디지털), 9,000원","25:45, 킹스맨 : 시크릿 에이전트(디지털), 9,000원",
2015-03-06,05관 [CGV아트하우스],"08:50, 이다(디지털), 6,000원","11:00, 버드맨(디지털), 10,000원","13:35, 제네시스: 세상의 소금(디지털), 10,000원","15:55, 버드맨(디지털), 10,000원","18:25, 조류인간(디지털), 7,000원","20:45, 버드맨(디지털), 10,000원","23:25, 이다(디지털), 9,000원",,
2015-03-06,06관,"08:40, 세인트 빈센트(디지털), 6,000원","10:50, 그레이의 50가지 그림자(디지털), 10,000원","13:25, 세인트 빈센트(디지털), 10,000원","15:35, 그레이의 50가지 그림자(디지털), 10,000원","18:10, 세인트 빈센트(디지털), 10,000원","20:20, 그레이의 50가지 그림자(디지털), 10,000원","22:55, 기생수 파트1(디지털), 10,000원","25:25, 이미테이션 게임(디지털), 9,000원",
2015-03-06,07관,"09:30, 버드맨(디지털), 6,500원","12:00, 버드맨(디지털), 10,000원","14:30, 버드맨(디지털), 10,000원","17:10, 버드맨(디지털), 10,000원","19:40, 버드맨(디지털), 10,000원","22:25, 버드맨(디지털), 10,000원","24:55, 버드맨(디지털), 9,000원",,
2015-03-06,08관,"09:10, 순수의 시대(디지털), 6,000원","11:30, 순수의 시대(디지털), 10,000원","13:50, 순수의 시대(디지털), 10,000원","16:10, 순수의 시대(디지털), 10,000원","18:35, 순수의 시대(디지털), 10,000원","20:55, 순수의 시대(디지털), 10,000원","23:15, 순수의 시대(디지털), 9,000원","25:35, 순수의 시대(디지털), 9,000원",
2015-03-07,01관,"07:50, 이미테이션 게임(디지털), 8,000원","10:15, 이미테이션 게임(디지털), 10,000원","12:50, 이미테이션 게임(디지털), 10,000원","15:15, 이미테이션 게임(디지털), 10,000원","17:40, 이미테이션 게임(디지털), 10,000원","20:05, 이미테이션 게임(디지털), 10,000원","22:30, 이미테이션 게임(디지털), 10,000원","25:00, 이미테이션 게임(디지털), 9,000원",
2015-03-07,02관,"08:10, 헬머니(디지털), 6,000원","10:25, 헬머니(디지털), 10,000원","12:40, 헬머니(디지털), 10,000원","14:55, 헬머니(디지털), 10,000원","17:10, 헬머니(디지털), 10,000원","19:25, 헬머니(디지털), 10,000원","21:40, 헬머니(디지털), 10,000원","23:55, 헬머니(디지털), 9,000원",
2015-03-07,03관,"08:50, 킹스맨 : 시크릿 에이전트(디지털), 6,000원","11:30, 킹스맨 : 시크릿 에이전트(디지털), 10,000원","14:20, 킹스맨 : 시크릿 에이전트(디지털), 10,000원","17:00, 킹스맨 : 시크릿 에이전트(디지털), 10,000원","19:40, 킹스맨 : 시크릿 에이전트(디지털), 10,000원","22:15, 킹스맨 : 시크릿 에이전트(디지털), 10,000원","24:50, 킹스맨 : 시크릿 에이전트(디지털), 9,000원",,
2015-03-07,04관,"08:20, 빅 히어로(디지털), 6,000원","10:40, 센과 치히로의 행방불명(디지털), 10,000원","13:15, 그레이의 50가지 그림자(디지털), 10,000원","15:50, 킹스맨 : 시크릿 에이전트(디지털), 10,000원","18:25, 킹스맨 : 시크릿 에이전트(디지털), 10,000원","21:00, 그레이의 50가지 그림자(디지털), 10,000원","23:35, 세인트 빈센트(디지털), 9,000원","25:50, 그레이의 50가지 그림자(디지털), 9,000원",
2015-03-07,05관 [CGV아트하우스],"09:50, 이다(디지털), 6,000원","11:40, 버드맨(디지털), 10,000원","14:30, 조류인간(디지털), 11,000원","18:10, 버드맨(디지털), 10,000원","21:05, 제네시스: 세상의 소금(디지털), 10,000원","23:25, 버드맨(디지털), 9,000원","25:55, 와일드(디지털), 9,000원",,
2015-03-07,06관,"09:40, 세인트 빈센트(디지털), 6,000원","11:50, 조선명탐정 : 사라진 놉의 딸(디지털), 10,000원","14:40, 세인트 빈센트(디지털), 10,000원","16:50, 버드맨(디지털), 10,000원","19:20, 세인트 빈센트(디지털), 10,000원","21:30, 조선명탐정 : 사라진 놉의 딸(디지털), 10,000원","24:10, 그레이의 50가지 그림자(디지털), 9,000원",,
2015-03-07,07관,"08:00, 버드맨(디지털), 6,000원","10:30, 버드맨(디지털), 10,000원","13:00, 버드맨(디지털), 10,000원","15:30, 버드맨(디지털), 10,000원","18:00, 기생수 파트1(디지털), 10,000원","20:20, 버드맨(디지털), 10,000원","22:50, 기생수 파트1(디지털), 10,000원","25:10, 버드맨(디지털), 9,000원",
2015-03-07,08관,"08:40, 순수의 시대(디지털), 6,000원","11:05, 순수의 시대(디지털), 10,000원","13:30, 순수의 시대(디지털), 10,000원","15:55, 순수의 시대(디지털), 10,000원","18:20, 순수의 시대(디지털), 10,000원","20:40, 순수의 시대(디지털), 10,000원","23:00, 순수의 시대(디지털), 9,000원","25:20, 순수의 시대(디지털), 9,000원",
2015-03-08,01관,"07:50, 이미테이션 게임(디지털), 6,000원","10:15, 이미테이션 게임(디지털), 10,000원","12:40, 이미테이션 게임(디지털), 10,000원","15:05, 이미테이션 게임(디지털), 10,000원","17:30, 이미테이션 게임(디지털), 10,000원","19:55, 이미테이션 게임(디지털), 10,000원","22:20, 이미테이션 게임(디지털), 10,000원","24:45, 이미테이션 게임(디지털), 9,000원",
2015-03-08,02관,,"10:25, 헬머니(디지털), 5,000원","12:40, 헬머니(디지털), 10,000원","14:55, 헬머니(디지털), 10,000원","17:10, 헬머니(디지털), 10,000원","19:25, 헬머니(디지털), 10,000원","21:40, 헬머니(디지털), 10,000원","24:00, 헬머니(디지털), 9,000원",
2015-03-08,03관,"08:50, 킹스맨 : 시크릿 에이전트(디지털), 7,000원","11:30, 킹스맨 : 시크릿 에이전트(디지털), 10,000원","14:10, 킹스맨 : 시크릿 에이전트(디지털), 10,000원","16:45, 킹스맨 : 시크릿 에이전트(디지털), 10,000원","19:20, 킹스맨 : 시크릿 에이전트(디지털), 10,000원","21:55, 킹스맨 : 시크릿 에이전트(디지털), 10,000원","24:30, 킹스맨 : 시크릿 에이전트(디지털), 9,000원",,
2015-03-08,04관,"08:50, 빅 히어로(디지털), 6,000원","11:10, 센과 치히로의 행방불명(디지털), 10,000원","13:50, 이미테이션 게임(디지털), 10,000원","16:15, 이미테이션 게임(디지털), 10,000원","18:40, 그레이의 50가지 그림자(디지털), 10,000원","21:30, 기생수 파트1(디지털), 10,000원","23:50, 그레이의 50가지 그림자(디지털), 9,000원",,
2015-03-08,05관 [CGV아트하우스],"08:40, 이다(디지털), 6,000원","10:35, 버드맨(디지털), 10,000원","14:00, 소셜포비아(디지털), 10,000원","16:10, 버드맨(디지털), 10,000원","19:00, 조류인간(디지털), 10,000원","21:20, 제네시스: 세상의 소금(디지털), 10,000원","23:40, 와일드(디지털), 9,000원",,
2015-03-08,06관,"08:00, 세인트 빈센트(디지털), 6,000원","10:10, 조선명탐정 : 사라진 놉의 딸(디지털), 10,000원","12:55, 킹스맨 : 시크릿 에이전트(디지털), 10,000원","15:30, 킹스맨 : 시크릿 에이전트(디지털), 10,000원","18:05, 킹스맨 : 시크릿 에이전트(디지털), 10,000원","20:40, 세인트 빈센트(디지털), 10,000원","22:50, 세인트 빈센트(디지털), 10,000원","25:00, 순수의 시대(디지털), 9,000원",
2015-03-08,07관,"09:30, 버드맨(디지털), 8,000원","12:00, 버드맨(디지털), 10,000원","14:30, 버드맨(디지털), 10,000원","17:20, 버드맨(디지털), 10,000원","19:50, 버드맨(디지털), 10,000원","22:30, 버드맨(디지털), 10,000원","24:55, 버드맨(디지털), 9,000원",,
2015-03-08,08관,"08:30, 순수의 시대(디지털), 6,000원","10:55, 순수의 시대(디지털), 10,000원","13:20, 순수의 시대(디지털), 10,000원","15:45, 순수의 시대(디지털), 10,000원","18:10, 순수의 시대(디지털), 10,000원","20:30, 순수의 시대(디지털), 10,000원","23:00, 순수의 시대(디지털), 9,000원",,
2015-03-09,01관,"10:00, 이미테이션 게임(디지털), 6,000원","12:25, 이미테이션 게임(디지털), 8,000원","14:50, 이미테이션 게임(디지털), 9,000원","17:15, 이미테이션 게임(디지털), 9,000원","19:40, 이미테이션 게임(디지털), 9,000원","22:10, 이미테이션 게임(디지털), 9,000원","24:35, 이미테이션 게임(디지털), 8,000원",,
2015-03-09,02관,"09:50, 헬머니(디지털), 6,000원","12:05, 헬머니(디지털), 8,000원","14:20, 헬머니(디지털), 8,000원","16:45, 헬머니(디지털), 9,000원","19:00, 헬머니(디지털), 9,000원","21:15, 헬머니(디지털), 9,000원","23:30, 헬머니(디지털), 8,000원",,
2015-03-09,03관,"08:50, 킹스맨 : 시크릿 에이전트(디지털), 6,000원","11:25, 킹스맨 : 시크릿 에이전트(디지털), 8,000원","14:00, 킹스맨 : 시크릿 에이전트(디지털), 8,000원","16:35, 킹스맨 : 시크릿 에이전트(디지털), 9,000원","19:10, 킹스맨 : 시크릿 에이전트(디지털), 9,000원","21:45, 킹스맨 : 시크릿 에이전트(디지털), 9,000원","24:20, 킹스맨 : 시크릿 에이전트(디지털), 8,000원",,
2015-03-09,04관,"08:50, 세인트 빈센트(디지털), 6,000원","11:00, 조선명탐정 : 사라진 놉의 딸(디지털), 8,000원","13:35, 세인트 빈센트(디지털), 8,000원","15:50, 기생수 파트1(디지털), 8,000원","18:15, 이미테이션 게임(디지털), 9,000원","20:50, 이미테이션 게임(디지털), 9,000원","23:40, 기생수 파트1(디지털), 8,000원",,
2015-03-09,05관 [CGV아트하우스],"09:10, 버드맨(디지털), 6,000원","11:40, 제네시스: 세상의 소금(디지털), 6,000원","14:10, 버드맨(디지털), 8,000원","16:40, 이다(디지털), 9,000원","18:30, 버드맨(디지털), 9,000원",,"23:20, 버드맨(디지털), 8,000원",,
2015-03-09,06관,"10:20, 그레이의 50가지 그림자(디지털), 8,000원","12:55, 빅 히어로(디지털), 8,000원","15:10, 그레이의 50가지 그림자(디지털), 8,000원","17:45, 킹스맨 : 시크릿 에이전트(디지털), 9,000원","20:20, 킹스맨 : 시크릿 에이전트(디지털), 9,000원","23:10, 그레이의 50가지 그림자(디지털), 8,000원",,,
2015-03-09,07관,"09:20, 센과 치히로의 행방불명(디지털), 6,000원","11:55, 버드맨(디지털), 8,000원","14:25, 센과 치히로의 행방불명(디지털), 8,000원","17:00, 버드맨(디지털), 9,000원","19:30, 버드맨(디지털), 9,000원","22:00, 버드맨(디지털), 9,000원","24:30, 순수의 시대(디지털), 8,000원",,
2015-03-09,08관,"09:00, 순수의 시대(디지털), 6,000원","11:20, 순수의 시대(디지털), 7,000원","13:40, 순수의 시대(디지털), 8,000원","16:00, 순수의 시대(디지털), 9,000원","18:20, 순수의 시대(디지털), 9,000원","20:40, 순수의 시대(디지털), 9,000원","23:00, 순수의 시대(디지털), 8,000원",,
2015-03-10,01관,"10:00, 이미테이션 게임(디지털), 6,000원","12:25, 이미테이션 게임(디지털), 8,000원","14:50, 이미테이션 게임(디지털), 8,000원","17:15, 이미테이션 게임(디지털), 9,000원","19:40, 이미테이션 게임(디지털), 9,000원","22:10, 이미테이션 게임(디지털), 9,000원","24:35, 이미테이션 게임(디지털), 8,000원",,
2015-03-10,02관,"10:30, 헬머니(디지털), 8,000원","12:45, 헬머니(디지털), 8,000원","15:00, 헬머니(디지털), 9,000원","17:25, 헬머니(디지털), 9,000원","19:50, 헬머니(디지털), 9,000원","22:10, 헬머니(디지털), 9,000원","24:35, 헬머니(디지털), 8,000원",,
2015-03-10,03관,"08:50, 킹스맨 : 시크릿 에이전트(디지털), 6,000원","11:25, 킹스맨 : 시크릿 에이전트(디지털), 8,500원","14:00, 킹스맨 : 시크릿 에이전트(디지털), 9,000원","16:35, 킹스맨 : 시크릿 에이전트(디지털), 9,000원","19:10, 킹스맨 : 시크릿 에이전트(디지털), 9,000원","21:45, 킹스맨 : 시크릿 에이전트(디지털), 9,000원","24:20, 킹스맨 : 시크릿 에이전트(디지털), 9,000원",,
2015-03-10,04관,"08:50, 세인트 빈센트(디지털), 6,000원","11:00, 조선명탐정 : 사라진 놉의 딸(디지털), 8,000원","13:35, 세인트 빈센트(디지털), 8,000원","15:45, 기생수 파트1(디지털), 8,000원","18:25, 이미테이션 게임(디지털), 9,000원","20:50, 이미테이션 게임(디지털), 9,000원","23:20, 세인트 빈센트(디지털), 8,000원",,
2015-03-10,05관 [CGV아트하우스],"09:00, 버드맨(디지털), 6,000원",,"13:50, 버드맨(디지털), 9,000원","16:20, 이다(디지털), 9,000원","18:10, 버드맨(디지털), 9,000원","20:40, 제네시스: 세상의 소금(디지털), 9,000원","23:30, 버드맨(디지털), 9,000원",,
2015-03-10,06관,"10:20, 그레이의 50가지 그림자(디지털), 7,000원","12:55, 빅 히어로(디지털), 8,000원","15:10, 그레이의 50가지 그림자(디지털), 8,000원","17:55, 킹스맨 : 시크릿 에이전트(디지털), 9,000원","20:30, 킹스맨 : 시크릿 에이전트(디지털), 9,000원","23:10, 그레이의 50가지 그림자(디지털), 8,000원",,,
2015-03-10,07관,"09:20, 센과 치히로의 행방불명(디지털), 6,000원","11:55, 버드맨(디지털), 8,000원","14:25, 센과 치히로의 행방불명(디지털), 9,000원","17:00, 버드맨(디지털), 9,000원","19:30, 버드맨(디지털), 9,000원","22:00, 버드맨(디지털), 9,000원","24:30, 기생수 파트1(디지털), 6,000원",,
2015-03-10,08관,"09:50, 순수의 시대(디지털), 6,000원","12:10, 순수의 시대(디지털), 8,000원","14:35, 순수의 시대(디지털), 8,000원","16:55, 순수의 시대(디지털), 9,000원","19:20, 순수의 시대(디지털), 9,000원","21:40, 순수의 시대(디지털), 9,000원","24:00, 순수의 시대(디지털), 8,000원",,
2015-03-11,01관,"10:00, 이미테이션 게임(디지털), 6,000원","12:25, 이미테이션 게임(디지털), 8,000원","14:50, 이미테이션 게임(디지털), 8,000원","17:15, 이미테이션 게임(디지털), 9,000원","19:40, 이미테이션 게임(디지털), 9,000원","22:10, 이미테이션 게임(디지털), 9,000원","24:35, 이미테이션 게임(디지털), 8,000원",,
2015-03-11,02관,"10:30, 헬머니(디지털), 8,000원","12:45, 헬머니(디지털), 8,000원","15:00, 헬머니(디지털), 8,000원","17:25, 헬머니(디지털), 9,000원","19:50, 헬머니(디지털), 9,000원","22:10, 헬머니(디지털), 9,000원","24:35, 헬머니(디지털), 8,000원",,
2015-03-11,03관,"08:50, 킹스맨 : 시크릿 에이전트(디지털), 6,000원","11:25, 킹스맨 : 시크릿 에이전트(디지털), 8,000원","14:00, 킹스맨 : 시크릿 에이전트(디지털), 9,000원","16:35, 킹스맨 : 시크릿 에이전트(디지털), 9,000원","19:10, 킹스맨 : 시크릿 에이전트(디지털), 9,000원","21:45, 킹스맨 : 시크릿 에이전트(디지털), 9,000원","24:20, 킹스맨 : 시크릿 에이전트(디지털), 8,000원",,
2015-03-11,04관,"08:50, 세인트 빈센트(디지털), 6,000원","11:00, 조선명탐정 : 사라진 놉의 딸(디지털), 8,000원","13:35, 세인트 빈센트(디지털), 8,000원","15:45, 기생수 파트1(디지털), 8,000원","18:25, 이미테이션 게임(디지털), 9,000원","20:50, 이미테이션 게임(디지털), 9,000원","23:20, 세인트 빈센트(디지털), 8,000원",,
2015-03-11,05관 [CGV아트하우스],"09:00, 버드맨(디지털), 6,000원","11:30, 제네시스: 세상의 소금(디지털), 8,000원","13:50, 버드맨(디지털), 9,000원","16:20, 이다(디지털), 9,000원","18:10, 버드맨(디지털), 9,000원","20:40, 조류인간(디지털), 7,000원","23:30, 버드맨(디지털), 9,000원",,
2015-03-11,06관,"10:20, 그레이의 50가지 그림자(디지털), 7,000원","12:55, 빅 히어로(디지털), 8,000원","15:10, 그레이의 50가지 그림자(디지털), 8,000원","17:55, 킹스맨 : 시크릿 에이전트(디지털), 9,000원","20:30, 킹스맨 : 시크릿 에이전트(디지털), 9,000원","23:10, 그레이의 50가지 그림자(디지털), 8,000원",,,
2015-03-11,07관,"09:20, 센과 치히로의 행방불명(디지털), 6,000원","11:55, 버드맨(디지털), 8,000원","14:25, 센과 치히로의 행방불명(디지털), 8,000원","17:00, 버드맨(디지털), 9,000원","19:30, 버드맨(디지털), 9,000원","22:00, 버드맨(디지털), 9,000원","24:30, 기생수 파트1(디지털), 8,000원",,
2015-03-11,08관,"09:50, 순수의 시대(디지털), 6,000원","12:10, 순수의 시대(디지털), 4,000원","14:35, 순수의 시대(디지털), 7,000원","16:55, 순수의 시대(디지털), 9,000원","19:20, 순수의 시대(디지털), 9,000원","21:40, 순수의 시대(디지털), 9,000원","24:00, 순수의 시대(디지털), 8,000원",,
2015-03-12,01관,"08:50, 킹스맨 : 시크릿 에이전트(디지털), 6,000원","11:25, 킹스맨 : 시크릿 에이전트(디지털), 8,000원","14:05, 킹스맨 : 시크릿 에이전트(디지털), 9,000원","16:40, 킹스맨 : 시크릿 에이전트(디지털), 9,000원","19:15, 킹스맨 : 시크릿 에이전트(디지털), 9,000원","21:50, 킹스맨 : 시크릿 에이전트(디지털), 9,000원","24:25, 킹스맨 : 시크릿 에이전트(디지털), 8,000원",,
2015-03-12,02관,"08:50, 드래곤 블레이드(디지털), 6,000원",,"13:40, 순수의 시대(디지털), 9,000원","16:00, 드래곤 블레이드(디지털), 9,000원","18:35, 순수의 시대(디지털), 9,000원","20:55, 기생수 파트1(디지털), 9,000원","23:15, 드래곤 블레이드(디지털), 8,000원",,
2015-03-12,03관,"09:30, 채피(디지털), 6,000원","12:00, 채피(디지털), 8,000원","14:30, 채피(디지털), 9,000원","17:00, 채피(디지털), 9,000원","19:30, 채피(디지털), 9,000원","22:00, 채피(디지털), 9,000원","24:35, 채피(디지털), 8,000원",,
2015-03-12,04관,"09:50, 해피 해피 와이너리(디지털), 6,000원","12:15, 이미테이션 게임(디지털), 8,000원","14:40, 해피 해피 와이너리(디지털), 8,000원","17:15, 이미테이션 게임(디지털), 9,000원","19:40, 이미테이션 게임(디지털), 9,000원","22:05, 해피 해피 와이너리(디지털), 9,000원","24:35, 이미테이션 게임(디지털), 8,000원",,
2015-03-12,05관 [CGV아트하우스],"09:10, 버드맨(디지털), 6,000원","11:40, 제네시스: 세상의 소금(디지털), 8,000원","14:10, 버드맨(디지털), 8,000원","16:45, 조류인간(디지털), 4,000원","19:05, 버드맨(디지털), 9,000원","21:40, 버드맨(디지털), 9,000원","24:10, 버드맨(디지털), 8,000원",,
2015-03-12,06관,"09:40, 소셜포비아(디지털), 6,000원","11:50, 소셜포비아(디지털), 8,000원","14:00, 소셜포비아(디지털), 8,000원","16:10, 소셜포비아(디지털), 9,000원","18:20, 소셜포비아(디지털), 9,000원","20:30, 소셜포비아(디지털), 9,000원","22:40, 소셜포비아(디지털), 9,000원","24:50, 소셜포비아(디지털), 8,000원",
2015-03-12,07관,"09:00, 살인의뢰(디지털), 6,000원","11:10, 살인의뢰(디지털), 8,000원","13:20, 살인의뢰(디지털), 8,000원","15:30, 살인의뢰(디지털), 8,000원","17:40, 살인의뢰(디지털), 9,000원","19:50, 살인의뢰(디지털), 9,000원","22:10, 살인의뢰(디지털), 9,000원","24:20, 살인의뢰(디지털), 8,000원",
2015-03-12,08관,"10:20, 위플래쉬(디지털), 6,000원","12:35, 위플래쉬(디지털), 8,000원","14:50, 위플래쉬(디지털), 9,000원","17:05, 위플래쉬(디지털), 9,000원","19:20, 위플래쉬(디지털), 9,000원","21:35, 위플래쉬(디지털), 9,000원","23:50, 위플래쉬(디지털), 8,000원",,
2015-03-13,01관,"09:50, 채피(디지털), 6,000원","12:20, 채피(디지털), 10,000원","14:50, 채피(디지털), 10,000원","17:20, 채피(디지털), 10,000원","19:50, 채피(디지털), 10,000원","22:20, 채피(디지털), 10,000원","25:00, 채피(디지털), 9,000원",,
2015-03-13,02관,"09:05, 해피 해피 와이너리(디지털), 6,000원","11:30, 드래곤 블레이드(디지털), 10,000원","14:05, 순수의 시대(디지털), 10,000원","16:35, 해피 해피 와이너리(디지털), 10,000원","19:10, 위플래쉬(디지털), 10,000원","21:25, 위플래쉬(디지털), 10,000원","23:40, 드래곤 블레이드(디지털), 9,000원",,
2015-03-13,03관,"09:15, 킹스맨 : 시크릿 에이전트(디지털), 6,000원","11:50, 킹스맨 : 시크릿 에이전트(디지털), 10,000원","14:25, 킹스맨 : 시크릿 에이전트(디지털), 10,000원","17:00, 킹스맨 : 시크릿 에이전트(디지털), 10,000원","19:35, 킹스맨 : 시크릿 에이전트(디지털), 10,000원","22:10, 킹스맨 : 시크릿 에이전트(디지털), 10,000원","24:50, 킹스맨 : 시크릿 에이전트(디지털), 9,000원",,
2015-03-13,04관,"08:55, 이미테이션 게임(디지털), 6,000원","11:20, 기생수 파트1(디지털), 10,000원","13:40, 이미테이션 게임(디지털), 10,000원","16:05, 헬머니(디지털), 0원","18:20, 이미테이션 게임(디지털), 10,000원","20:45, 이미테이션 게임(디지털), 10,000원","23:10, 기생수 파트1(디지털), 9,000원","25:30, 이미테이션 게임(디지털), 9,000원",
2015-03-13,05관 [CGV아트하우스],"10:10, 버드맨(디지털), 6,000원","12:40, 조류인간(디지털), 10,000원","15:00, 버드맨(디지털), 10,000원","17:30, 제네시스: 세상의 소금(디지털), 10,000원","20:00, 버드맨(디지털), 10,000원","22:40, 버드맨(디지털), 10,000원","25:20, 버드맨(디지털), 9,000원",,
2015-03-13,06관,"10:20, 소셜포비아(디지털), 6,000원","12:30, 소셜포비아(디지털), 10,000원","14:40, 소셜포비아(디지털), 10,000원","16:50, 소셜포비아(디지털), 10,000원","19:00, 소셜포비아(디지털), 10,000원","21:10, 소셜포비아(디지털), 10,000원","23:20, 소셜포비아(디지털), 9,000원","25:40, 소셜포비아(디지털), 7,000원",
2015-03-13,07관,"09:30, 살인의뢰(디지털), 6,000원","11:40, 살인의뢰(디지털), 10,000원","13:50, 살인의뢰(디지털), 10,000원","16:15, 살인의뢰(디지털), 10,000원","18:30, 살인의뢰(디지털), 10,000원","20:40, 살인의뢰(디지털), 10,000원","22:50, 살인의뢰(디지털), 10,000원","25:10, 살인의뢰(디지털), 9,000원",
2015-03-13,08관,"08:50, 위플래쉬(디지털), 6,000원","11:05, 위플래쉬(디지털), 10,000원","13:20, 위플래쉬(디지털), 10,000원","15:35, 위플래쉬(디지털), 10,000원","17:50, 위플래쉬(디지털), 10,000원","20:10, 위플래쉬(디지털), 10,000원","22:30, 위플래쉬(디지털), 10,000원","24:45, 위플래쉬(디지털), 9,000원",
2015-03-14,01관,"09:20, 킹스맨 : 시크릿 에이전트(디지털), 9,000원","12:00, 킹스맨 : 시크릿 에이전트(디지털), 10,000원","14:40, 킹스맨 : 시크릿 에이전트(디지털), 10,000원","17:20, 킹스맨 : 시크릿 에이전트(디지털), 10,000원","20:00, 킹스맨 : 시크릿 에이전트(디지털), 10,000원","22:40, 킹스맨 : 시크릿 에이전트(디지털), 10,000원","25:15, 킹스맨 : 시크릿 에이전트(디지털), 9,000원",,
2015-03-14,02관,"10:00, 드래곤 블레이드(디지털), 6,000원","12:35, 해피 해피 와이너리(디지털), 10,000원","15:10, 위플래쉬(디지털), 10,000원","17:25, 위플래쉬(디지털), 10,000원","19:40, 위플래쉬(디지털), 10,000원","21:55, 순수의 시대(디지털), 10,000원","24:15, 드래곤 블레이드(디지털), 9,000원",,
2015-03-14,03관,"09:30, 위플래쉬(디지털), 8,000원","11:45, 위플래쉬(디지털), 10,000원","14:00, 위플래쉬(디지털), 10,000원","16:15, 위플래쉬(디지털), 10,000원","18:35, 위플래쉬(디지털), 10,000원","20:50, 위플래쉬(디지털), 10,000원","23:15, 위플래쉬(디지털), 9,000원","25:30, 위플래쉬(디지털), 9,000원",
2015-03-14,04관,"08:40, 이미테이션 게임(디지털), 6,000원","11:05, 헬머니(디지털), 10,000원","13:25, 이미테이션 게임(디지털), 10,000원","15:50, 이미테이션 게임(디지털), 10,000원","18:15, 이미테이션 게임(디지털), 10,000원","20:40, 이미테이션 게임(디지털), 10,000원","23:05, 기생수 파트1(디지털), 9,000원",,
2015-03-14,05관 [CGV아트하우스],"08:50, 버드맨(디지털), 6,000원","11:20, 제네시스: 세상의 소금(디지털), 10,000원","13:45, 버드맨(디지털), 10,000원","16:40, 조류인간(디지털), 10,000원","19:00, 버드맨(디지털), 10,000원","22:10, 버드맨(디지털), 10,000원","24:40, 버드맨(디지털), 9,000원",,
2015-03-14,06관,"08:20, 소셜포비아(디지털), 6,000원","10:30, 소셜포비아(디지털), 6,000원","12:40, 소셜포비아(디지털), 10,000원","14:50, 소셜포비아(디지털), 10,000원","17:00, 소셜포비아(디지털), 10,000원","19:10, 소셜포비아(디지털), 10,000원","21:20, 소셜포비아(디지털), 10,000원","23:30, 소셜포비아(디지털), 9,000원","25:40, 소셜포비아(디지털), 9,000원"
2015-03-14,07관,"09:10, 채피(디지털), 6,000원","11:40, 채피(디지털), 10,000원","14:10, 채피(디지털), 10,000원","16:50, 채피(디지털), 10,000원","19:30, 채피(디지털), 10,000원","22:00, 채피(디지털), 10,000원","24:30, 채피(디지털), 9,000원",,
2015-03-14,08관,"08:30, 살인의뢰(디지털), 6,000원","10:40, 살인의뢰(디지털), 9,000원","12:50, 살인의뢰(디지털), 10,000원","15:00, 살인의뢰(디지털), 10,000원","17:10, 살인의뢰(디지털), 10,000원","19:20, 살인의뢰(디지털), 10,000원","21:30, 살인의뢰(디지털), 10,000원","23:40, 살인의뢰(디지털), 9,000원","25:50, 살인의뢰(디지털), 9,000원"
2015-03-15,01관,"08:40, 킹스맨 : 시크릿 에이전트(디지털), 7,000원","11:15, 킹스맨 : 시크릿 에이전트(디지털), 10,000원","13:50, 킹스맨 : 시크릿 에이전트(디지털), 10,000원","16:25, 킹스맨 : 시크릿 에이전트(디지털), 10,000원","19:00, 킹스맨 : 시크릿 에이전트(디지털), 10,000원","21:35, 킹스맨 : 시크릿 에이전트(디지털), 10,000원","24:10, 킹스맨 : 시크릿 에이전트(디지털), 9,000원",,
2015-03-15,02관,"08:40, 드래곤 블레이드(디지털), 6,000원","11:25, 해피 해피 와이너리(디지털), 10,000원","14:00, 위플래쉬(디지털), 10,000원","16:15, 위플래쉬(디지털), 10,000원","18:40, 위플래쉬(디지털), 10,000원","20:55, 순수의 시대(디지털), 10,000원","23:30, 드래곤 블레이드(디지털), 9,000원",,
2015-03-15,03관,"08:25, 위플래쉬(디지털), 6,000원","10:40, 위플래쉬(디지털), 7,000원","12:55, 위플래쉬(디지털), 10,000원","15:10, 위플래쉬(디지털), 10,000원","17:25, 위플래쉬(디지털), 10,000원","19:40, 위플래쉬(디지털), 10,000원","21:55, 위플래쉬(디지털), 10,000원","24:15, 위플래쉬(디지털), 9,000원",
2015-03-15,04관,"09:30, 이미테이션 게임(디지털), 6,000원","11:55, 헬머니(디지털), 10,000원","14:20, 이미테이션 게임(디지털), 10,000원","16:45, 이미테이션 게임(디지털), 10,000원","19:10, 이미테이션 게임(디지털), 10,000원","21:40, 이미테이션 게임(디지털), 10,000원","24:15, 기생수 파트1(디지털), 9,000원",,
2015-03-15,05관 [CGV아트하우스],"08:20, 버드맨(디지털), 6,000원","10:50, 조류인간(디지털), 6,000원","13:10, 버드맨(디지털), 10,000원","16:10, 제네시스: 세상의 소금(디지털), 10,000원","18:30, 버드맨(디지털), 10,000원","21:25, 버드맨(디지털), 10,000원","23:55, 버드맨(디지털), 9,000원",,
2015-03-15,06관,"09:20, 소셜포비아(디지털), 6,000원","11:30, 소셜포비아(디지털), 10,000원","13:40, 소셜포비아(디지털), 10,000원","15:50, 소셜포비아(디지털), 10,000원","18:00, 소셜포비아(디지털), 10,000원","20:10, 소셜포비아(디지털), 10,000원","22:20, 소셜포비아(디지털), 10,000원","24:40, 소셜포비아(디지털), 9,000원",
2015-03-15,07관,"09:10, 채피(디지털), 6,000원","11:40, 채피(디지털), 10,000원","14:10, 채피(디지털), 10,000원","16:50, 채피(디지털), 10,000원","19:20, 채피(디지털), 10,000원","21:50, 채피(디지털), 10,000원",,,
2015-03-15,08관,"08:50, 살인의뢰(디지털), 6,000원","11:00, 살인의뢰(디지털), 10,000원","13:20, 살인의뢰(디지털), 10,000원","15:30, 살인의뢰(디지털), 10,000원","17:40, 살인의뢰(디지털), 10,000원","19:50, 살인의뢰(디지털), 10,000원","22:05, 살인의뢰(디지털), 10,000원","24:25, 살인의뢰(디지털), 9,000원",
2015-03-16,01관,"08:50, 킹스맨 : 시크릿 에이전트(디지털), 6,000원","11:25, 킹스맨 : 시크릿 에이전트(디지털), 8,000원","14:00, 킹스맨 : 시크릿 에이전트(디지털), 8,000원","16:35, 킹스맨 : 시크릿 에이전트(디지털), 9,000원","19:10, 킹스맨 : 시크릿 에이전트(디지털), 9,000원","21:45, 킹스맨 : 시크릿 에이전트(디지털), 9,000원","24:20, 킹스맨 : 시크릿 에이전트(디지털), 8,000원",,
2015-03-16,02관,"08:50, 해피 해피 와이너리(디지털), 6,000원","11:15, 드래곤 블레이드(디지털), 8,000원","13:50, 헬머니(디지털), 8,000원","16:05, 기생수 파트1(디지털), 9,000원","18:25, 위플래쉬(디지털), 9,000원","20:45, 위플래쉬(디지털), 9,000원","23:00, 드래곤 블레이드(디지털), 8,000원",,
2015-03-16,03관,"10:10, 위플래쉬(디지털), 6,000원","12:30, 위플래쉬(디지털), 8,000원","14:45, 이미테이션 게임(디지털), 9,000원","17:10, 위플래쉬(디지털), 9,000원","19:25, 위플래쉬(디지털), 9,000원","21:50, 위플래쉬(디지털), 9,000원","24:05, 위플래쉬(디지털), 8,000원",,
2015-03-16,04관,"10:00, 이미테이션 게임(디지털), 6,000원",,"17:30, 살인의뢰(디지털), 9,000원","19:40, 살인의뢰(디지털), 9,000원","21:50, 이미테이션 게임(디지털), 9,000원","24:15, 이미테이션 게임(디지털), 8,000원",,,
2015-03-16,05관 [CGV아트하우스],"09:15, 버드맨(디지털), 9,000원",,"14:15, 위플래쉬(디지털), 8,000원","16:30, 버드맨(디지털), 9,000원","19:00, 버드맨(디지털), 9,000원","21:30, 조류인간(디지털), 9,000원","23:50, 버드맨(디지털), 8,000원",,
2015-03-16,06관,,"11:35, 소셜포비아(디지털), 8,000원","13:45, 소셜포비아(디지털), 8,000원","15:55, 소셜포비아(디지털), 9,000원","18:05, 소셜포비아(디지털), 9,000원","20:15, 소셜포비아(디지털), 9,000원","22:25, 소셜포비아(디지털), 9,000원","24:35, 소셜포비아(디지털), 8,000원",
2015-03-16,07관,"08:55, 살인의뢰(디지털), 6,000원","11:05, 살인의뢰(디지털), 8,000원","13:15, 살인의뢰(디지털), 8,000원","15:25, 살인의뢰(디지털), 8,000원","17:40, 이미테이션 게임(디지털), 9,000원","20:05, 이미테이션 게임(디지털), 9,000원","22:35, 살인의뢰(디지털), 9,000원","24:45, 살인의뢰(디지털), 8,000원",
2015-03-16,08관,"09:30, 채피(디지털), 6,000원","12:00, 채피(디지털), 9,000원","14:30, 채피(디지털), 8,000원","17:00, 채피(디지털), 9,000원","19:30, 채피(디지털), 9,000원","22:00, 채피(디지털), 9,000원","24:30, 채피(디지털), 8,000원",,
2015-03-17,01관,"08:50, 킹스맨 : 시크릿 에이전트(디지털), 6,000원","11:25, 킹스맨 : 시크릿 에이전트(디지털), 8,000원","14:00, 킹스맨 : 시크릿 에이전트(디지털), 8,000원","16:35, 킹스맨 : 시크릿 에이전트(디지털), 9,000원","19:10, 킹스맨 : 시크릿 에이전트(디지털), 9,000원","21:45, 킹스맨 : 시크릿 에이전트(디지털), 9,000원","24:20, 킹스맨 : 시크릿 에이전트(디지털), 8,000원",,
2015-03-17,02관,"08:50, 해피 해피 와이너리(디지털), 6,000원","11:15, 헬머니(디지털), 8,000원","13:30, 해피 해피 와이너리(디지털), 8,000원","15:55, 기생수 파트1(디지털), 8,000원","18:15, 위플래쉬(디지털), 9,000원","20:40, 위플래쉬(디지털), 9,000원","23:00, 드래곤 블레이드(디지털), 8,000원",,
2015-03-17,03관,"10:20, 위플래쉬(디지털), 8,000원",,"14:50, 이미테이션 게임(디지털), 8,000원","17:15, 위플래쉬(디지털), 9,000원","19:30, 위플래쉬(디지털), 9,000원","21:55, 위플래쉬(디지털), 9,000원","24:10, 위플래쉬(디지털), 8,000원",,
2015-03-17,04관,"10:20, 이미테이션 게임(디지털), 6,000원","12:45, 이미테이션 게임(디지털), 9,000원","15:10, 드래곤 블레이드(디지털), 9,000원","17:45, 이미테이션 게임(디지털), 9,000원","20:10, 살인의뢰(디지털), 9,000원","22:25, 살인의뢰(디지털), 9,000원","24:35, 소셜포비아(디지털), 7,000원",,
2015-03-17,05관 [CGV아트하우스],"09:10, 버드맨(디지털), 6,000원","11:40, 버드맨(디지털), 9,000원","14:10, 위플래쉬(디지털), 8,000원","16:25, 버드맨(디지털), 9,000원","19:00, 버드맨(디지털), 9,000원",,"23:50, 버드맨(디지털), 8,000원",,
2015-03-17,06관,,"12:20, 소셜포비아(디지털), 8,000원","14:30, 소셜포비아(디지털), 8,000원","16:40, 소셜포비아(디지털), 9,000원","18:50, 소셜포비아(디지털), 9,000원","21:00, 소셜포비아(디지털), 9,000원",,,
2015-03-17,07관,,"11:10, 살인의뢰(디지털), 6,000원","13:20, 살인의뢰(디지털), 8,000원","15:30, 살인의뢰(디지털), 9,000원","17:40, 살인의뢰(디지털), 9,000원","19:50, 이미테이션 게임(디지털), 9,000원","22:15, 이미테이션 게임(디지털), 9,000원","24:40, 살인의뢰(디지털), 8,000원",
2015-03-17,08관,"09:20, 채피(디지털), 6,000원","11:50, 채피(디지털), 8,000원","14:20, 채피(디지털), 8,000원","16:50, 채피(디지털), 9,000원","19:20, 채피(디지털), 9,000원","21:50, 채피(디지털), 9,000원","24:25, 채피(디지털), 8,000원",,
2015-03-18,01관,"08:50, 킹스맨 : 시크릿 에이전트(디지털), 6,000원","11:25, 킹스맨 : 시크릿 에이전트(디지털), 8,000원","14:00, 킹스맨 : 시크릿 에이전트(디지털), 8,000원","16:35, 킹스맨 : 시크릿 에이전트(디지털), 9,000원","19:10, 킹스맨 : 시크릿 에이전트(디지털), 9,000원","21:45, 킹스맨 : 시크릿 에이전트(디지털), 9,000원","24:20, 킹스맨 : 시크릿 에이전트(디지털), 8,000원",,
2015-03-18,02관,"08:50, 해피 해피 와이너리(디지털), 6,000원","11:15, 헬머니(디지털), 8,000원","13:30, 해피 해피 와이너리(디지털), 8,000원","15:55, 기생수 파트1(디지털), 8,000원","18:15, 위플래쉬(디지털), 9,000원","20:40, 위플래쉬(디지털), 9,000원","23:00, 드래곤 블레이드(디지털), 8,000원",,
2015-03-18,03관,"10:20, 위플래쉬(디지털), 6,500원","12:35, 위플래쉬(디지털), 8,000원","14:50, 이미테이션 게임(디지털), 8,000원","17:15, 위플래쉬(디지털), 9,000원","19:30, 위플래쉬(디지털), 9,000원","21:55, 위플래쉬(디지털), 9,000원","24:10, 위플래쉬(디지털), 8,000원",,
2015-03-18,04관,"10:20, 이미테이션 게임(디지털), 6,000원","12:45, 이미테이션 게임(디지털), 8,000원","15:10, 드래곤 블레이드(디지털), 8,000원","17:45, 이미테이션 게임(디지털), 9,000원","20:10, 살인의뢰(디지털), 9,000원","22:25, 살인의뢰(디지털), 9,000원","24:35, 소셜포비아(디지털), 8,000원",,
2015-03-18,05관 [CGV아트하우스],"09:10, 버드맨(디지털), 6,000원","11:40, 버드맨(디지털), 8,000원","14:10, 위플래쉬(디지털), 9,000원","16:25, 버드맨(디지털), 9,000원","19:00, 버드맨(디지털), 9,000원","21:30, 조류인간(디지털), 9,000원","23:50, 버드맨(디지털), 8,000원",,
2015-03-18,06관,"10:00, 소셜포비아(디지털), 6,000원","12:20, 소셜포비아(디지털), 9,000원","14:30, 소셜포비아(디지털), 9,000원","16:40, 소셜포비아(디지털), 9,000원","18:50, 소셜포비아(디지털), 9,000원","21:00, 소셜포비아(디지털), 9,000원","23:10, 소셜포비아(디지털), 8,000원",,
2015-03-18,07관,"09:00, 살인의뢰(디지털), 6,000원","11:10, 살인의뢰(디지털), 8,000원","13:20, 살인의뢰(디지털), 8,000원","15:30, 살인의뢰(디지털), 8,000원","17:40, 살인의뢰(디지털), 9,000원","19:50, 이미테이션 게임(디지털), 9,000원","22:15, 이미테이션 게임(디지털), 9,000원",,
2015-03-18,08관,"09:20, 채피(디지털), 6,000원","11:50, 채피(디지털), 8,000원","14:20, 채피(디지털), 8,000원","16:50, 채피(디지털), 9,000원","19:20, 채피(디지털), 9,000원","21:50, 채피(디지털), 9,000원","24:25, 채피(디지털), 7,000원",,
2015-03-19,01관,"08:50, 킹스맨 : 시크릿 에이전트(디지털), 6,000원","11:25, 킹스맨 : 시크릿 에이전트(디지털), 8,000원","14:00, 킹스맨 : 시크릿 에이전트(디지털), 8,000원","16:35, 킹스맨 : 시크릿 에이전트(디지털), 9,000원","19:10, 킹스맨 : 시크릿 에이전트(디지털), 9,000원","21:45, 킹스맨 : 시크릿 에이전트(디지털), 9,000원","24:20, 킹스맨 : 시크릿 에이전트(디지털), 8,000원",,
2015-03-19,02관,,"10:50, 이미테이션 게임(디지털), 8,000원","13:15, 엘리제궁의 요리사(디지털), 9,000원","15:15, 트레이서(디지털), 8,000원","17:20, 엘리제궁의 요리사(디지털), 9,000원","19:20, 이미테이션 게임(디지털), 9,000원","21:45, 런 올 나이트(디지털), 9,000원","24:20, 이미테이션 게임(디지털), 8,000원",
2015-03-19,03관,"10:20, 위플래쉬(디지털), 7,000원","12:35, 위플래쉬(디지털), 8,000원","14:50, 위플래쉬(디지털), 9,000원","17:10, 위플래쉬(디지털), 9,000원","19:30, 위플래쉬(디지털), 9,000원","21:55, 위플래쉬(디지털), 9,000원","24:10, 위플래쉬(디지털), 7,000원",,
2015-03-19,04관,"10:30, 런 올 나이트(디지털), 6,000원","12:55, 런 올 나이트(디지털), 8,000원","15:25, 런 올 나이트(디지털), 8,000원","17:50, 이미테이션 게임(디지털), 9,000원","20:15, 런 올 나이트(디지털), 9,000원","22:40, 트레이서(디지털), 9,000원","24:40, 런 올 나이트(디지털), 7,000원",,
2015-03-19,05관 [CGV아트하우스],"09:00, 소셜포비아(디지털), 6,000원","11:10, 리바이어던(디지털), 9,000원","14:20, 버드맨(디지털), 8,000원","16:50, 리바이어던(디지털), 9,000원","19:40, 버드맨(디지털), 9,000원","22:10, 소셜포비아(디지털), 9,000원","24:25, 버드맨(디지털), 8,000원",,
2015-03-19,06관,"09:20, 신데렐라(디지털), 6,000원","11:45, 신데렐라(디지털), 0원","14:10, 신데렐라(디지털), 8,000원","16:30, 신데렐라(디지털), 9,000원","19:00, 신데렐라(디지털), 9,000원","21:25, 신데렐라(디지털), 9,000원","23:45, 신데렐라(디지털), 8,000원",,
2015-03-19,07관,"09:30, 엘리제궁의 요리사(디지털), 7,000원","11:30, 소셜포비아(디지털), 8,000원","13:40, 살인의뢰(디지털), 8,000원","15:50, 소셜포비아(디지털), 8,000원","18:00, 살인의뢰(디지털), 9,000원","20:10, 소셜포비아(디지털), 9,000원","22:20, 살인의뢰(디지털), 9,000원","24:35, 살인의뢰(디지털), 8,000원",
2015-03-19,08관,"09:10, 추억의 마니(디지털), 9,000원","11:20, 채피(디지털), 8,000원","13:50, 추억의 마니(디지털), 9,000원","16:00, 채피(디지털), 9,000원","18:30, 위플래쉬(디지털), 9,000원","20:45, 채피(디지털), 9,000원","23:15, 채피(디지털), 8,000원",,
2015-03-20,01관,"09:20, 킹스맨 : 시크릿 에이전트(디지털), 6,000원","11:55, 킹스맨 : 시크릿 에이전트(디지털), 10,000원","14:35, 킹스맨 : 시크릿 에이전트(디지털), 10,000원","17:10, 킹스맨 : 시크릿 에이전트(디지털), 10,000원","19:45, 킹스맨 : 시크릿 에이전트(디지털), 10,000원","22:20, 킹스맨 : 시크릿 에이전트(디지털), 10,000원","24:55, 킹스맨 : 시크릿 에이전트(디지털), 9,000원",,
2015-03-20,02관,"09:00, 트레이서(디지털), 6,000원","11:00, 엘리제궁의 요리사(디지털), 10,000원","13:00, 채피(디지털), 10,000원","15:30, 트레이서(디지털), 10,000원","17:40, 위플래쉬(디지털), 10,000원","20:05, 위플래쉬(디지털), 10,000원","22:20, 엘리제궁의 요리사(디지털), 10,000원","24:20, 트레이서(디지털), 0원",
2015-03-20,03관,"09:40, 위플래쉬(디지털), 6,000원","12:05, 위플래쉬(디지털), 10,000원","14:20, 위플래쉬(디지털), 10,000원","16:35, 위플래쉬(디지털), 10,000원","19:00, 위플래쉬(디지털), 10,000원","21:15, 위플래쉬(디지털), 10,000원","23:30, 위플래쉬(디지털), 9,000원","25:45, 위플래쉬(디지털), 9,000원",
2015-03-20,04관,"09:40, 이미테이션 게임(디지털), 6,000원","12:05, 런 올 나이트(디지털), 10,000원","14:30, 이미테이션 게임(디지털), 10,000원","16:55, 런 올 나이트(디지털), 10,000원","19:20, 이미테이션 게임(디지털), 10,000원","21:45, 런 올 나이트(디지털), 10,000원","24:10, 런 올 나이트(디지털), 9,000원",,
2015-03-20,05관 [CGV아트하우스],"09:50, 버드맨(디지털), 6,000원","12:20, 리바이어던(디지털), 10,000원","15:10, 소셜포비아(디지털), 10,000원","17:20, 버드맨(디지털), 10,000원","19:55, 리바이어던(디지털), 10,000원","22:45, 소셜포비아(디지털), 10,000원","25:05, 버드맨(디지털), 9,000원",,
2015-03-20,06관,"08:50, 신데렐라(디지털), 6,000원","11:15, 신데렐라(디지털), 10,000원","13:35, 신데렐라(디지털), 10,000원","15:55, 신데렐라(디지털), 10,000원","18:15, 신데렐라(디지털), 10,000원","20:40, 신데렐라(디지털), 10,000원","23:10, 신데렐라(디지털), 9,000원","25:35, 신데렐라(디지털), 9,000원",
2015-03-20,07관,"09:30, 소셜포비아(디지털), 6,000원","11:40, 살인의뢰(디지털), 5,000원","13:50, 소셜포비아(디지털), 10,000원","16:00, 살인의뢰(디지털), 10,000원","18:10, 소셜포비아(디지털), 10,000원","20:20, 살인의뢰(디지털), 10,000원","22:30, 살인의뢰(디지털), 10,000원","24:40, 살인의뢰(디지털), 9,000원",
2015-03-20,08관,"09:10, 추억의 마니(디지털), 6,000원","11:20, 추억의 마니(디지털), 10,000원",,"18:00, 채피(디지털), 10,000원","20:30, 채피(디지털), 10,000원","23:00, 이미테이션 게임(디지털), 9,000원","25:25, 채피(디지털), 9,000원",,
2015-03-21,01관,"09:20, 킹스맨 : 시크릿 에이전트(디지털), 9,000원","11:55, 킹스맨 : 시크릿 에이전트(디지털), 10,000원","14:30, 킹스맨 : 시크릿 에이전트(디지털), 10,000원","17:05, 킹스맨 : 시크릿 에이전트(디지털), 10,000원","19:40, 킹스맨 : 시크릿 에이전트(디지털), 10,000원","22:15, 킹스맨 : 시크릿 에이전트(디지털), 10,000원","24:55, 킹스맨 : 시크릿 에이전트(디지털), 9,000원",,
2015-03-21,02관,"10:00, 이미테이션 게임(디지털), 6,000원","12:25, 추억의 마니(디지털), 10,000원","14:45, 신데렐라(디지털), 10,000원","17:05, 신데렐라(디지털), 10,000원","19:25, 트레이서(디지털), 10,000원","21:25, 살인의뢰(디지털), 10,000원","23:35, 트레이서(디지털), 9,000원","25:40, 살인의뢰(디지털), 9,000원",
2015-03-21,03관,"09:30, 위플래쉬(디지털), 8,000원","11:45, 위플래쉬(디지털), 10,000원","14:00, 위플래쉬(디지털), 10,000원","16:15, 위플래쉬(디지털), 10,000원","18:30, 위플래쉬(디지털), 10,000원","20:45, 위플래쉬(디지털), 10,000원","23:00, 위플래쉬(디지털), 9,000원","25:20, 위플래쉬(디지털), 9,000원",
2015-03-21,04관,"08:40, 엘리제궁의 요리사(디지털), 6,000원","10:45, 런 올 나이트(디지털), 6,000원","13:10, 킹스맨 : 시크릿 에이전트(디지털), 10,000원","15:45, 킹스맨 : 시크릿 에이전트(디지털), 10,000원","18:20, 런 올 나이트(디지털), 10,000원","20:45, 엘리제궁의 요리사(디지털), 10,000원","22:45, 런 올 나이트(디지털), 10,000원","25:20, 런 올 나이트(디지털), 9,000원",
2015-03-21,05관 [CGV아트하우스],"09:00, 버드맨(디지털), 6,000원","11:30, 소셜포비아(디지털), 10,000원","14:15, 리바이어던(디지털), 10,000원","17:15, 버드맨(디지털), 10,000원","20:15, 소셜포비아(디지털), 10,000원","22:30, 리바이어던(디지털), 10,000원","25:30, 버드맨(디지털), 9,000원",,
2015-03-21,06관,"08:50, 신데렐라(디지털), 6,000원","11:10, 신데렐라(디지털), 10,000원","13:30, 신데렐라(디지털), 10,000원","15:50, 신데렐라(디지털), 10,000원","18:10, 신데렐라(디지털), 10,000원","20:30, 신데렐라(디지털), 10,000원","22:50, 신데렐라(디지털), 10,000원","25:10, 신데렐라(디지털), 9,000원",
2015-03-21,07관,"08:20, 소셜포비아(디지털), 9,000원","10:30, 채피(디지털), 6,000원","13:00, 이미테이션 게임(디지털), 10,000원","15:25, 소셜포비아(디지털), 10,000원","17:35, 소셜포비아(디지털), 10,000원","19:50, 채피(디지털), 10,000원","22:25, 소셜포비아(디지털), 10,000원","24:35, 채피(디지털), 9,000원",
2015-03-21,08관,"08:30, 추억의 마니(디지털), 6,000원","10:40, 살인의뢰(디지털), 6,000원","12:50, 위플래쉬(디지털), 10,000원","15:05, 위플래쉬(디지털), 10,000원","17:20, 위플래쉬(디지털), 10,000원","19:35, 이미테이션 게임(디지털), 7,500원","22:00, 이미테이션 게임(디지털), 10,000원","24:25, 이미테이션 게임(디지털), 9,000원",
2015-03-22,01관,"08:40, 킹스맨 : 시크릿 에이전트(디지털), 6,000원","11:15, 킹스맨 : 시크릿 에이전트(디지털), 10,000원","13:50, 킹스맨 : 시크릿 에이전트(디지털), 10,000원","16:25, 킹스맨 : 시크릿 에이전트(디지털), 10,000원","19:00, 킹스맨 : 시크릿 에이전트(디지털), 10,000원","21:40, 킹스맨 : 시크릿 에이전트(디지털), 10,000원","24:15, 킹스맨 : 시크릿 에이전트(디지털), 9,000원",,
2015-03-22,02관,"08:40, 런 올 나이트(디지털), 6,000원","11:15, 살인의뢰(디지털), 10,000원","13:25, 신데렐라(디지털), 10,000원","15:45, 채피(디지털), 10,000원","18:15, 런 올 나이트(디지털), 10,000원","20:40, 살인의뢰(디지털), 10,000원","23:00, 런 올 나이트(디지털), 9,000원",,
2015-03-22,03관,"08:50, 위플래쉬(디지털), 7,000원","11:05, 위플래쉬(디지털), 10,000원","13:20, 위플래쉬(디지털), 10,000원","15:35, 위플래쉬(디지털), 10,000원","17:50, 위플래쉬(디지털), 10,000원","20:05, 위플래쉬(디지털), 10,000원","22:20, 위플래쉬(디지털), 10,000원","24:35, 위플래쉬(디지털), 9,000원",
2015-03-22,04관,"08:30, 추억의 마니(디지털), 6,000원","10:40, 엘리제궁의 요리사(디지털), 10,000원","12:40, 킹스맨 : 시크릿 에이전트(디지털), 10,000원","15:15, 킹스맨 : 시크릿 에이전트(디지털), 10,000원","17:50, 트레이서(디지털), 10,000원","19:50, 엘리제궁의 요리사(디지털), 10,000원","21:50, 트레이서(디지털), 10,000원","24:05, 트레이서(디지털), 9,000원",
2015-03-22,05관 [CGV아트하우스],"08:20, 버드맨(디지털), 6,000원","10:50, 리바이어던(디지털), 10,000원","13:40, 소셜포비아(디지털), 10,000원","16:20, 버드맨(디지털), 10,000원","19:20, 리바이어던(디지털), 10,000원","22:10, 소셜포비아(디지털), 10,000원","24:25, 버드맨(디지털), 9,000원",,
2015-03-22,06관,"09:50, 신데렐라(디지털), 7,000원","12:10, 신데렐라(디지털), 10,000원","14:30, 신데렐라(디지털), 10,000원","16:50, 신데렐라(디지털), 10,000원","19:10, 신데렐라(디지털), 10,000원","21:30, 신데렐라(디지털), 10,000원","23:55, 신데렐라(디지털), 9,000원",,
2015-03-22,07관,"09:30, 소셜포비아(디지털), 6,000원","11:40, 채피(디지털), 10,000원","14:10, 이미테이션 게임(디지털), 10,000원","16:35, 소셜포비아(디지털), 10,000원","18:45, 소셜포비아(디지털), 10,000원","20:55, 채피(디지털), 10,000원","23:25, 채피(디지털), 9,000원",,
2015-03-22,08관,"09:40, 이미테이션 게임(디지털), 6,000원","12:05, 추억의 마니(디지털), 10,000원","14:20, 위플래쉬(디지털), 10,000원","16:40, 위플래쉬(디지털), 10,000원","18:55, 이미테이션 게임(디지털), 10,000원","21:20, 이미테이션 게임(디지털), 10,000원","23:45, 살인의뢰(디지털), 7,000원",,
2015-03-23,01관,"08:50, 킹스맨 : 시크릿 에이전트(디지털), 6,000원","11:25, 킹스맨 : 시크릿 에이전트(디지털), 8,000원","14:00, 킹스맨 : 시크릿 에이전트(디지털), 8,000원","16:35, 킹스맨 : 시크릿 에이전트(디지털), 9,000원","19:10, 킹스맨 : 시크릿 에이전트(디지털), 9,000원","21:45, 킹스맨 : 시크릿 에이전트(디지털), 9,000원","24:20, 킹스맨 : 시크릿 에이전트(디지털), 8,000원",,
2015-03-23,02관,"08:50, 엘리제궁의 요리사(디지털), 6,000원","10:50, 런 올 나이트(디지털), 9,000원","13:15, 엘리제궁의 요리사(디지털), 9,000원","15:15, 런 올 나이트(디지털), 8,000원","17:40, 런 올 나이트(디지털), 9,000원","20:05, 엘리제궁의 요리사(디지털), 9,000원","22:10, 소셜포비아(디지털), 9,000원","24:20, 런 올 나이트(디지털), 8,000원",
2015-03-23,03관,"10:20, 위플래쉬(디지털), 7,000원","12:35, 위플래쉬(디지털), 8,000원","14:55, 위플래쉬(디지털), 8,000원","17:15, 위플래쉬(디지털), 9,000원","19:30, 위플래쉬(디지털), 9,000원","21:50, 위플래쉬(디지털), 9,000원","24:05, 위플래쉬(디지털), 8,000원",,
2015-03-23,04관,"09:20, 트레이서(디지털), 6,000원","11:20, 살인의뢰(디지털), 8,000원","13:30, 트레이서(디지털), 8,000원","15:30, 살인의뢰(디지털), 9,000원","17:45, 채피(디지털), 9,000원","20:15, 킹스맨 : 시크릿 에이전트(디지털), 9,000원",,,
2015-03-23,05관 [CGV아트하우스],"09:10, 버드맨(디지털), 6,000원","11:40, 소셜포비아(디지털), 8,000원","13:50, 리바이어던(디지털), 8,000원","16:50, 버드맨(디지털), 9,000원","19:20, 소셜포비아(디지털), 9,000원","21:30, 리바이어던(디지털), 9,000원","24:30, 버드맨(디지털), 7,000원",,
2015-03-23,06관,"10:00, 신데렐라(디지털), 7,000원","12:25, 신데렐라(디지털), 8,000원","14:45, 신데렐라(디지털), 8,000원","17:05, 신데렐라(디지털), 9,000원","19:40, 신데렐라(디지털), 9,000원","22:00, 신데렐라(디지털), 9,000원","24:35, 신데렐라(디지털), 8,000원",,
2015-03-23,07관,"09:00, 소셜포비아(디지털), 6,000원","11:10, 채피(디지털), 8,000원","13:40, 소셜포비아(디지털), 8,000원","15:50, 채피(디지털), 8,000원","18:20, 위플래쉬(디지털), 9,000원","20:35, 위플래쉬(디지털), 9,000원","23:00, 채피(디지털), 7,000원",,
2015-03-23,08관,"09:40, 이미테이션 게임(디지털), 6,000원","12:05, 추억의 마니(디지털), 8,000원","14:15, 이미테이션 게임(디지털), 8,000원","16:40, 추억의 마니(디지털), 9,000원","18:55, 이미테이션 게임(디지털), 9,000원","21:20, 이미테이션 게임(디지털), 9,000원","23:45, 살인의뢰(디지털), 8,000원",,
2015-03-24,01관,"08:50, 위플래쉬(디지털), 6,500원","11:05, 위플래쉬(디지털), 8,000원","13:20, 위플래쉬(디지털), 8,000원","15:35, 위플래쉬(디지털), 9,000원","17:50, 위플래쉬(디지털), 9,000원","20:05, 위플래쉬(디지털), 9,000원","22:20, 위플래쉬(디지털), 9,000원","24:40, 위플래쉬(디지털), 8,000원",
2015-03-24,02관,"08:50, 엘리제궁의 요리사(디지털), 6,000원","10:50, 런 올 나이트(디지털), 6,000원","13:15, 엘리제궁의 요리사(디지털), 8,000원","15:15, 런 올 나이트(디지털), 9,000원","17:50, 이미테이션 게임(디지털), 9,000원","20:15, 엘리제궁의 요리사(디지털), 9,000원",,"24:40, 런 올 나이트(디지털), 7,000원",
2015-03-24,03관,"09:10, 킹스맨 : 시크릿 에이전트(디지털), 9,000원","11:50, 킹스맨 : 시크릿 에이전트(디지털), 8,000원","14:30, 킹스맨 : 시크릿 에이전트(디지털), 8,000원","17:10, 킹스맨 : 시크릿 에이전트(디지털), 9,000원",,"23:00, 킹스맨 : 시크릿 에이전트(디지털), 8,000원",,,
2015-03-24,04관,,"11:15, 살인의뢰(디지털), 8,000원","13:30, 트레이서(디지털), 8,000원","15:30, 살인의뢰(디지털), 8,000원","17:40, 트레이서(디지털), 9,000원","19:40, 채피(디지털), 9,000원","22:10, 살인의뢰(디지털), 9,000원",,
2015-03-24,05관 [CGV아트하우스],"09:00, 버드맨(디지털), 6,000원",,"13:40, 리바이어던(디지털), 8,000원","16:30, 버드맨(디지털), 9,000원","19:20, 소셜포비아(디지털), 9,000원","21:30, 버드맨(디지털), 9,000원","24:00, 리바이어던(디지털), 8,000원",,
2015-03-24,06관,"10:00, 신데렐라(디지털), 6,000원","12:20, 신데렐라(디지털), 8,000원","14:40, 신데렐라(디지털), 9,000원","17:00, 신데렐라(디지털), 9,000원","19:30, 신데렐라(디지털), 9,000원","21:55, 신데렐라(디지털), 9,000원","24:15, 신데렐라(디지털), 8,000원",,
2015-03-24,07관,,"11:40, 채피(디지털), 7,000원","14:10, 소셜포비아(디지털), 8,000원","16:20, 채피(디지털), 9,000원","19:00, 위플래쉬(디지털), 9,000원","21:15, 위플래쉬(디지털), 9,000원","23:30, 채피(디지털), 8,000원",,
2015-03-24,08관,,"12:10, 추억의 마니(디지털), 8,000원","14:20, 이미테이션 게임(디지털), 8,000원","16:45, 추억의 마니(디지털), 9,000원","19:10, 킹스맨 : 시크릿 에이전트(디지털), 9,000원","21:45, 킹스맨 : 시크릿 에이전트(디지털), 9,000원","24:20, 킹스맨 : 시크릿 에이전트(디지털), 8,000원",,
2015-03-25,01관,"09:00, 위플래쉬(디지털), 6,000원","11:30, 위플래쉬(디지털), 8,000원","13:45, 위플래쉬(디지털), 8,000원","16:00, 위플래쉬(디지털), 9,000원","18:20, 위플래쉬(디지털), 7,000원","20:35, 킹스맨 : 시크릿 에이전트(디지털), 9,000원","23:10, 킹스맨 : 시크릿 에이전트(디지털), 8,000원",,
2015-03-25,02관,"09:00, 코멧(디지털), 6,000원","11:00, 런 올 나이트(디지털), 8,000원","13:25, 코멧(디지털), 8,000원","15:25, 이미테이션 게임(디지털), 9,000원","18:00, 코멧(디지털), 9,000원","20:00, 신데렐라(디지털), 9,000원","22:20, 코멧(디지털), 9,000원","24:25, 런 올 나이트(디지털), 8,000원",
2015-03-25,03관,"10:00, 스물(디지털), 6,000원","12:25, 스물(디지털), 8,000원","14:50, 스물(디지털), 8,000원","17:15, 스물(디지털), 9,000원","19:45, 스물(디지털), 7,000원","22:10, 스물(디지털), 9,000원","24:35, 스물(디지털), 8,000원",,
2015-03-25,04관,"09:30, 인서전트(디지털), 6,000원","12:00, 인서전트(디지털), 9,000원","14:30, 인서전트(디지털), 8,000원","17:05, 인서전트(디지털), 9,000원","19:35, 인서전트(디지털), 7,500원","22:05, 인서전트(디지털), 9,000원","24:35, 인서전트(디지털), 8,000원",,
2015-03-25,05관 [CGV아트하우스],"08:50, 버드맨(디지털), 6,000원","11:20, 소셜포비아(디지털), 8,000원","13:35, 리바이어던(디지털), 8,000원","16:25, 버드맨(디지털), 9,000원","19:00, 소셜포비아(디지털), 5,000원","21:10, 버드맨(디지털), 9,000원","23:40, 리바이어던(디지털), 8,000원",,
2015-03-25,06관,"09:50, 신데렐라(디지털), 9,000원","12:10, 채피(디지털), 8,000원","14:40, 신데렐라(디지털), 8,000원","17:00, 신데렐라(디지털), 9,000원","19:20, 위플래쉬(디지털), 7,000원","21:35, 위플래쉬(디지털), 9,000원","23:50, 위플래쉬(디지털), 8,000원",,
2015-03-25,07관,"09:10, 킹스맨 : 시크릿 에이전트(디지털), 6,000원","11:50, 트레이서(디지털), 6,000원","14:00, 킹스맨 : 시크릿 에이전트(디지털), 8,000원","16:35, 킹스맨 : 시크릿 에이전트(디지털), 9,000원","19:10, 킹스맨 : 시크릿 에이전트(디지털), 5,000원","21:50, 채피(디지털), 9,000원","24:20, 킹스맨 : 시크릿 에이전트(디지털), 8,000원",,
2015-03-25,08관,"09:20, 이미테이션 게임(디지털), 6,000원","11:45, 추억의 마니(디지털), 8,000원","13:55, 살인의뢰(디지털), 9,000원","16:05, 스물(디지털), 9,000원","18:30, 스물(디지털), 5,000원","20:55, 스물(디지털), 9,000원","23:20, 스물(디지털), 8,000원",,
2015-03-26,01관,"08:50, 코멧(디지털), 6,000원","10:50, 위플래쉬(디지털), 6,000원","13:05, 위플래쉬(디지털), 8,000원","15:20, 위플래쉬(디지털), 8,000원","17:35, 위플래쉬(디지털), 9,000원","19:50, 위플래쉬(디지털), 9,000원","22:15, 위플래쉬(디지털), 9,000원","24:50, 위플래쉬(디지털), 8,000원",
2015-03-26,02관,"08:50, 이미테이션 게임(디지털), 6,000원","11:25, 코멧(디지털), 8,000원","13:25, 런 올 나이트(디지털), 9,000원","15:50, 코멧(디지털), 8,000원","17:50, 이미테이션 게임(디지털), 9,000원","20:15, 코멧(디지털), 9,000원","22:15, 이미테이션 게임(디지털), 9,000원","24:50, 런 올 나이트(디지털), 8,000원",
2015-03-26,03관,"10:00, 스물(디지털), 8,000원","12:25, 스물(디지털), 8,000원","14:50, 스물(디지털), 8,000원","17:15, 스물(디지털), 9,000원","19:40, 스물(디지털), 9,000원","22:05, 스물(디지털), 9,000원","24:40, 스물(디지털), 8,000원",,
2015-03-26,04관,"09:40, 인서전트(디지털), 6,000원","12:10, 인서전트(디지털), 7,000원","14:40, 인서전트(디지털), 8,000원","17:10, 인서전트(디지털), 9,000원","19:40, 인서전트(디지털), 9,000원","22:10, 인서전트(디지털), 9,000원","24:40, 인서전트(디지털), 8,000원",,
2015-03-26,05관 [CGV아트하우스],"09:15, 뷰티풀 라이(디지털), 6,000원",,"13:50, 버드맨(디지털), 9,000원","16:20, 뷰티풀 라이(디지털), 9,000원","18:40, 위플래쉬(디지털), 9,000원","21:05, 버드맨(디지털), 9,000원","23:35, 리바이어던(디지털), 8,000원",,
2015-03-26,06관,"09:30, 신데렐라(디지털), 6,000원","11:50, 채피(디지털), 8,000원","14:25, 신데렐라(디지털), 8,000원","16:45, 신데렐라(디지털), 9,000원","19:10, 신데렐라(디지털), 9,000원","21:30, 신데렐라(디지털), 9,000원","23:50, 채피(디지털), 7,000원",,
2015-03-26,07관,"09:05, 킹스맨 : 시크릿 에이전트(디지털), 6,000원","11:40, 킹스맨 : 시크릿 에이전트(디지털), 8,000원","14:15, 킹스맨 : 시크릿 에이전트(디지털), 8,000원","16:50, 킹스맨 : 시크릿 에이전트(디지털), 9,000원","19:25, 킹스맨 : 시크릿 에이전트(디지털), 9,000원","22:00, 킹스맨 : 시크릿 에이전트(디지털), 9,000원","24:45, 킹스맨 : 시크릿 에이전트(디지털), 8,000원",,
2015-03-26,08관,"09:00, 위플래쉬(디지털), 6,000원","11:15, 스물(디지털), 8,000원","13:40, 스물(디지털), 9,000원","16:05, 스물(디지털), 9,000원","18:30, 스물(디지털), 9,000원","20:55, 스물(디지털), 9,000원","23:25, 스물(디지털), 8,000원",,
2015-03-27,01관,,"11:00, 위플래쉬(디지털), 10,000원","13:15, 위플래쉬(디지털), 10,000원","15:30, 위플래쉬(디지털), 10,000원","17:50, 위플래쉬(디지털), 10,000원","20:10, 위플래쉬(디지털), 10,000원","22:30, 위플래쉬(디지털), 10,000원","25:00, 위플래쉬(디지털), 9,000원",
2015-03-27,02관,"09:00, 이미테이션 게임(디지털), 6,000원","11:25, 런 올 나이트(디지털), 10,000원","13:50, 코멧(디지털), 9,000원","15:50, 이미테이션 게임(디지털), 10,000원","18:15, 신데렐라(디지털), 10,000원","20:35, 코멧(디지털), 10,000원","22:35, 신데렐라(디지털), 10,000원","25:00, 런 올 나이트(디지털), 9,000원",
2015-03-27,03관,"10:00, 스물(디지털), 6,000원","12:25, 스물(디지털), 10,000원","14:50, 스물(디지털), 10,000원","17:15, 스물(디지털), 10,000원","19:40, 스물(디지털), 10,000원","22:05, 스물(디지털), 10,000원","24:30, 스물(디지털), 9,000원",,
2015-03-27,04관,"10:10, 인서전트(디지털), 6,000원","12:40, 인서전트(디지털), 10,000원","15:10, 인서전트(디지털), 10,000원","17:40, 인서전트(디지털), 10,000원","20:20, 인서전트(디지털), 10,000원","22:50, 인서전트(디지털), 9,000원","25:20, 인서전트(디지털), 9,000원",,
2015-03-27,05관 [CGV아트하우스],"09:40, 뷰티풀 라이(디지털), 6,000원","12:00, 버드맨(디지털), 10,000원","14:30, 소셜포비아(디지털), 10,000원","16:40, 위플래쉬(디지털), 10,000원","19:10, 뷰티풀 라이(디지털), 10,000원","21:30, 버드맨(디지털), 10,000원","24:00, 리바이어던(디지털), 9,000원",,
2015-03-27,06관,"09:30, 위플래쉬(디지털), 6,000원","11:50, 신데렐라(디지털), 10,000원","14:10, 신데렐라(디지털), 10,000원","16:30, 신데렐라(디지털), 10,000원","19:00, 위플래쉬(디지털), 10,000원","21:20, 위플래쉬(디지털), 10,000원","23:40, 채피(디지털), 9,000원",,
2015-03-27,07관,"09:10, 킹스맨 : 시크릿 에이전트(디지털), 6,000원","11:45, 킹스맨 : 시크릿 에이전트(디지털), 10,000원","14:20, 킹스맨 : 시크릿 에이전트(디지털), 10,000원","16:55, 킹스맨 : 시크릿 에이전트(디지털), 10,000원","19:30, 킹스맨 : 시크릿 에이전트(디지털), 10,000원","22:15, 킹스맨 : 시크릿 에이전트(디지털), 10,000원","24:50, 킹스맨 : 시크릿 에이전트(디지털), 9,000원",,
2015-03-27,08관,"08:50, 스물(디지털), 6,000원","11:15, 스물(디지털), 10,000원","13:40, 스물(디지털), 10,000원","16:05, 스물(디지털), 10,000원","18:30, 스물(디지털), 10,000원","20:55, 스물(디지털), 10,000원","23:20, 코멧(디지털), 9,000원","25:30, 스물(디지털), 9,000원",
2015-03-28,01관,"09:40, 위플래쉬(디지털), 6,000원","11:55, 위플래쉬(디지털), 10,000원","14:10, 위플래쉬(디지털), 10,000원","16:25, 위플래쉬(디지털), 10,000원","18:40, 위플래쉬(디지털), 10,000원","20:55, 위플래쉬(디지털), 10,000원","23:10, 위플래쉬(디지털), 9,000원","25:30, 위플래쉬(디지털), 9,000원",
2015-03-28,02관,"08:30, 코멧(디지털), 6,000원","10:30, 이미테이션 게임(디지털), 10,000원","13:00, 위플래쉬(디지털), 10,000원","15:15, 위플래쉬(디지털), 10,000원","17:30, 위플래쉬(디지털), 10,000원","19:45, 런 올 나이트(디지털), 10,000원","22:10, 이미테이션 게임(디지털), 10,000원","24:40, 런 올 나이트(디지털), 9,000원",
2015-03-28,03관,"09:50, 스물(디지털), 7,000원","12:15, 스물(디지털), 10,000원","14:40, 스물(디지털), 10,000원","17:05, 스물(디지털), 10,000원","19:30, 스물(디지털), 10,000원","21:55, 스물(디지털), 10,000원","24:20, 스물(디지털), 9,000원",,
2015-03-28,04관,"10:00, 인서전트(디지털), 6,000원","12:30, 인서전트(디지털), 10,000원","15:00, 인서전트(디지털), 10,000원","17:40, 인서전트(디지털), 10,000원","20:10, 인서전트(디지털), 10,000원","22:40, 인서전트(디지털), 10,000원","25:10, 인서전트(디지털), 9,000원",,
2015-03-28,05관 [CGV아트하우스],"09:00, 리바이어던(디지털), 6,000원","11:50, 소셜포비아(디지털), 10,000원","14:30, 뷰티풀 라이(디지털), 10,000원","16:55, 버드맨(디지털), 10,000원","19:50, 위플래쉬(디지털), 10,000원","22:15, 뷰티풀 라이(디지털), 10,000원","24:35, 버드맨(디지털), 9,000원",,
2015-03-28,06관,"08:20, 신데렐라(디지털), 6,000원","10:40, 신데렐라(디지털), 10,000원","13:10, 신데렐라(디지털), 10,000원","15:30, 신데렐라(디지털), 10,000원","17:50, 신데렐라(디지털), 10,000원","20:20, 채피(디지털), 10,000원","22:50, 신데렐라(디지털), 10,000원","25:20, 채피(디지털), 9,000원",
2015-03-28,07관,"08:50, 킹스맨 : 시크릿 에이전트(디지털), 6,000원","11:25, 킹스맨 : 시크릿 에이전트(디지털), 7,000원","14:00, 킹스맨 : 시크릿 에이전트(디지털), 10,000원","16:45, 킹스맨 : 시크릿 에이전트(디지털), 10,000원","19:20, 킹스맨 : 시크릿 에이전트(디지털), 10,000원","22:05, 킹스맨 : 시크릿 에이전트(디지털), 10,000원","24:50, 킹스맨 : 시크릿 에이전트(디지털), 9,000원",,
2015-03-28,08관,"08:40, 스물(디지털), 6,000원","11:05, 스물(디지털), 10,000원","13:30, 스물(디지털), 10,000원","15:55, 스물(디지털), 10,000원","18:20, 스물(디지털), 10,000원","20:45, 스물(디지털), 10,000원","23:15, 스물(디지털), 9,000원","25:40, 스물(디지털), 9,000원",
2015-03-29,01관,"08:40, 위플래쉬(디지털), 6,000원","10:55, 위플래쉬(디지털), 10,000원","13:10, 위플래쉬(디지털), 10,000원","15:25, 위플래쉬(디지털), 10,000원","17:40, 위플래쉬(디지털), 10,000원","19:55, 위플래쉬(디지털), 10,000원","22:10, 위플래쉬(디지털), 10,000원","24:25, 킹스맨 : 시크릿 에이전트(디지털), 9,000원",
2015-03-29,02관,"09:50, 코멧(디지털), 6,000원","11:55, 이미테이션 게임(디지털), 10,000원","14:20, 위플래쉬(디지털), 10,000원","16:35, 위플래쉬(디지털), 10,000원","18:55, 위플래쉬(디지털), 10,000원","21:15, 이미테이션 게임(디지털), 10,000원","23:45, 채피(디지털), 9,000원",,
2015-03-29,03관,"09:40, 스물(디지털), 7,000원","12:15, 스물(디지털), 10,000원","14:40, 스물(디지털), 10,000원","17:10, 스물(디지털), 10,000원","19:35, 스물(디지털), 10,000원","22:00, 스물(디지털), 10,000원","24:30, 스물(디지털), 9,000원",,
2015-03-29,04관,"09:30, 인서전트(디지털), 7,000원","12:00, 인서전트(디지털), 10,000원","14:30, 인서전트(디지털), 10,000원","17:00, 인서전트(디지털), 10,000원","19:30, 인서전트(디지털), 10,000원","22:00, 인서전트(디지털), 10,000원",,,
2015-03-29,05관 [CGV아트하우스],"08:20, 버드맨(디지털), 6,000원","10:50, 소셜포비아(디지털), 10,000원","13:30, 뷰티풀 라이(디지털), 10,000원","15:50, 버드맨(디지털), 10,000원","18:45, 뷰티풀 라이(디지털), 10,000원","21:05, 위플래쉬(디지털), 10,000원","23:25, 리바이어던(디지털), 9,000원",,
2015-03-29,06관,"09:20, 신데렐라(디지털), 9,000원","11:45, 신데렐라(디지털), 10,000원","14:10, 신데렐라(디지털), 10,000원","16:30, 신데렐라(디지털), 10,000원","19:05, 런 올 나이트(디지털), 10,000원","21:30, 신데렐라(디지털), 10,000원","23:55, 런 올 나이트(디지털), 9,000원",,
2015-03-29,07관,"08:50, 킹스맨 : 시크릿 에이전트(디지털), 6,000원","11:25, 킹스맨 : 시크릿 에이전트(디지털), 10,000원","14:00, 킹스맨 : 시크릿 에이전트(디지털), 10,000원","16:45, 킹스맨 : 시크릿 에이전트(디지털), 10,000원","19:20, 킹스맨 : 시크릿 에이전트(디지털), 10,000원","21:55, 킹스맨 : 시크릿 에이전트(디지털), 10,000원","24:40, 위플래쉬(디지털), 9,000원",,
2015-03-29,08관,"08:30, 스물(디지털), 6,000원","11:00, 스물(디지털), 10,000원","13:25, 스물(디지털), 10,000원","16:00, 스물(디지털), 10,000원","18:25, 스물(디지털), 10,000원","20:50, 스물(디지털), 10,000원","23:15, 스물(디지털), 9,000원",,
2015-03-30,01관,"10:00, 위플래쉬(디지털), 6,000원","12:20, 위플래쉬(디지털), 8,000원","14:40, 위플래쉬(디지털), 8,000원","17:00, 위플래쉬(디지털), 9,000원","19:20, 위플래쉬(디지털), 9,000원","21:35, 위플래쉬(디지털), 9,000원","24:00, 위플래쉬(디지털), 8,000원",,
2015-03-30,02관,"09:30, 이미테이션 게임(디지털), 6,000원","11:55, 런 올 나이트(디지털), 8,000원","14:30, 이미테이션 게임(디지털), 9,000원","17:00, 코멧(디지털), 8,000원","19:00, 인서전트(디지털), 9,000원","21:45, 코멧(디지털), 9,000원","23:45, 런 올 나이트(디지털), 8,000원",,
2015-03-30,03관,"10:10, 스물(디지털), 6,000원",,"15:00, 스물(디지털), 8,000원","17:25, 스물(디지털), 9,000원","19:50, 스물(디지털), 9,000원","22:15, 스물(디지털), 9,000원","24:45, 스물(디지털), 8,000원",,
2015-03-30,04관,"10:20, 인서전트(디지털), 6,000원","12:50, 인서전트(디지털), 8,000원","15:20, 인서전트(디지털), 8,000원","18:00, 위플래쉬(디지털), 9,000원","20:15, 위플래쉬(디지털), 9,000원","22:30, 인서전트(디지털), 9,000원","25:00, 위플래쉬(디지털), 8,000원",,
2015-03-30,05관 [CGV아트하우스],"09:40, 버드맨(디지털), 6,000원","12:10, 소셜포비아(디지털), 8,000원","14:20, 리바이어던(디지털), 8,000원","17:10, 버드맨(디지털), 9,000원","19:40, 뷰티풀 라이(디지털), 9,000원","22:25, 위플래쉬(디지털), 9,000원","24:55, 버드맨(디지털), 7,000원",,
2015-03-30,06관,"09:10, 신데렐라(디지털), 6,000원","11:30, 채피(디지털), 8,000원","14:00, 신데렐라(디지털), 8,000원","16:25, 신데렐라(디지털), 9,000원","18:50, 신데렐라(디지털), 9,000원","21:15, 신데렐라(디지털), 9,000원","23:35, 신데렐라(디지털), 8,000원",,
2015-03-30,07관,"09:00, 킹스맨 : 시크릿 에이전트(디지털), 6,000원","11:40, 킹스맨 : 시크릿 에이전트(디지털), 8,000원","14:15, 킹스맨 : 시크릿 에이전트(디지털), 5,000원","16:50, 킹스맨 : 시크릿 에이전트(디지털), 9,000원","19:30, 킹스맨 : 시크릿 에이전트(디지털), 9,000원","22:05, 킹스맨 : 시크릿 에이전트(디지털), 9,000원","24:40, 킹스맨 : 시크릿 에이전트(디지털), 8,000원",,
2015-03-30,08관,"08:50, 스물(디지털), 6,000원","11:20, 스물(디지털), 8,000원","13:45, 스물(디지털), 9,000원","16:10, 스물(디지털), 9,000원","18:35, 스물(디지털), 9,000원","21:00, 스물(디지털), 9,000원","23:25, 스물(디지털), 8,000원",,
2015-03-31,01관,"08:50, 위플래쉬(디지털), 6,000원","11:05, 위플래쉬(디지털), 8,000원","13:20, 위플래쉬(디지털), 8,000원","15:35, 위플래쉬(디지털), 9,000원","17:50, 위플래쉬(디지털), 9,000원","20:05, 위플래쉬(디지털), 9,000원","22:30, 위플래쉬(디지털), 9,000원","24:45, 위플래쉬(디지털), 8,000원",
2015-03-31,02관,"09:30, 이미테이션 게임(디지털), 6,500원","11:55, 코멧(디지털), 8,000원","14:10, 이미테이션 게임(디지털), 8,000원","16:45, 위플래쉬(디지털), 9,000원","19:00, 위플래쉬(디지털), 9,000원","21:15, 위플래쉬(디지털), 9,000원","23:30, 런 올 나이트(디지털), 8,000원",,
2015-03-31,03관,"10:10, 스물(디지털), 6,000원","12:35, 스물(디지털), 8,000원","15:00, 스물(디지털), 8,000원","17:25, 스물(디지털), 9,000원","19:50, 스물(디지털), 9,000원","22:20, 스물(디지털), 9,000원","24:55, 스물(디지털), 8,000원",,
2015-03-31,04관,"09:40, 인서전트(디지털), 6,000원","12:10, 인서전트(디지털), 4,000원","14:45, 인서전트(디지털), 8,000원","17:15, 코멧(디지털), 9,000원","19:15, 인서전트(디지털), 9,000원","21:55, 인서전트(디지털), 9,000원",,,
2015-03-31,05관 [CGV아트하우스],"09:50, 버드맨(디지털), 7,500원",,"14:35, 위플래쉬(디지털), 8,000원","16:55, 버드맨(디지털), 9,000원","19:25, 뷰티풀 라이(디지털), 9,000원","21:45, 리바이어던(디지털), 9,000원","24:35, 버드맨(디지털), 8,000원",,
2015-03-31,06관,"09:20, 신데렐라(디지털), 6,000원",,"14:00, 신데렐라(디지털), 8,000원","16:25, 신데렐라(디지털), 9,000원","18:50, 신데렐라(디지털), 9,000원","21:25, 채피(디지털), 9,000원","23:55, 신데렐라(디지털), 8,000원",,
2015-03-31,07관,"09:10, 킹스맨 : 시크릿 에이전트(디지털), 9,000원","11:45, 킹스맨 : 시크릿 에이전트(디지털), 8,000원","14:25, 킹스맨 : 시크릿 에이전트(디지털), 8,000원","17:05, 킹스맨 : 시크릿 에이전트(디지털), 9,000원","19:40, 킹스맨 : 시크릿 에이전트(디지털), 9,000원","22:15, 킹스맨 : 시크릿 에이전트(디지털), 9,000원","24:50, 킹스맨 : 시크릿 에이전트(디지털), 8,000원",,
2015-03-31,08관,"09:00, 스물(디지털), 6,000원","11:25, 스물(디지털), 8,000원","13:50, 스물(디지털), 8,000원","16:15, 스물(디지털), 9,000원","18:40, 스물(디지털), 9,000원","21:05, 스물(디지털), 9,000원","23:40, 스물(디지털), 7,000원",,
